0200
0720
56a0
00fd
0000
7040
4001
0b00
0000
0000
0000
0000
0000
0000
0000
0000
01ff
0000
0001
0002
0003
0004
0005
0006
0007
0008
0009
000a
000b
000c
000d
01ff
01ff
0000
0001
0002
0003
0004
0005
0006
0007
0008
0009
000a
000b
000c
000d
01ff
01ff
0000
0001
0002
0003
0004
0005
0006
0007
0008
0009
000a
000b
000c
000d
01ff
01ff
000e
000f
0010
0011
0012
0013
0014
0015
0016
0017
0018
0019
001a
001b
01ff
01ff
000e
000f
0010
0011
0012
0013
0014
0015
0016
0017
0017
0018
0019
001a
01ff
01ff
000f
000f
0010
0011
0012
0013
0014
0014
0015
0016
0017
0018
0018
0019
01ff
01ff
000f
000f
0010
0011
0012
0013
0014
0014
0015
0016
0016
0017
0018
0018
01ff
01ff
000f
0010
0011
0011
0012
0013
0014
0014
0015
0015
0016
0017
0017
0017
01ff
01ff
0010
0010
0011
0011
0012
0012
0013
0013
0014
0015
0015
0016
0016
0016
01ff
01ff
0010
0010
0011
0011
0012
0012
0013
0013
0014
0014
0014
0015
0015
0015
01ff
01ff
001b
001c
0019
001b
001b
001b
001c
001c
001c
0019
0019
0019
001b
001b
01ff
01ff
001a
001d
0018
001a
001a
001a
001d
001d
001d
0018
0018
0018
001a
001a
01ff
01ff
0019
001b
0017
0019
0019
0019
001b
001b
001b
0017
0017
0017
0019
0019
01ff
01ff
0018
001a
0016
0018
0018
0018
001a
001a
001a
0016
0016
0016
0018
0018
01ff
01ff
0017
0019
0015
0017
0017
0017
0019
0019
0019
0015
0015
0015
0017
0017
01ff
01ff
0016
0018
0014
0016
0016
0016
0018
0018
0018
0014
0014
0014
0016
0016
01ff
01ff
0015
0017
0013
0015
0015
0015
0017
0017
0017
0013
0013
0013
0015
0015
01ff
01ff
01ff
01ff
01ff
01ff
001c
001b
0019
0017
001c
001b
0017
01ff
01ff
01ff
01ff
01ff
01ff
01ff
01ff
01ff
001d
001a
0018
0016
001d
001a
0016
01ff
01ff
01ff
01ff
01ff
01ff
01ff
01ff
01ff
001b
0019
0017
0015
001b
0019
0015
01ff
01ff
01ff
01ff
01ff
01ff
01ff
01ff
01ff
001a
0018
0016
0014
001a
0018
0014
01ff
01ff
01ff
01ff
01ff
01ff
01ff
01ff
01ff
0019
0017
0015
0013
0019
0017
0013
01ff
01ff
01ff
01ff
01ff
01ff
01ff
01ff
01ff
0018
0016
0014
0012
0018
0016
0012
01ff
01ff
01ff
01ff
01ff
01ff
01ff
01ff
01ff
0017
0015
0013
0011
0017
0015
0011
01ff
01ff
01ff
01ff
01ff
001c
001b
0019
0017
01ff
01ff
01ff
01ff
01ff
01ff
01ff
01ff
01ff
01ff
01ff
01ff
001d
001a
0018
0016
01ff
01ff
01ff
01ff
01ff
01ff
01ff
01ff
01ff
01ff
01ff
01ff
001b
0019
0017
0015
01ff
01ff
01ff
01ff
01ff
01ff
01ff
01ff
01ff
01ff
01ff
01ff
001a
0018
0016
0014
01ff
01ff
01ff
01ff
01ff
01ff
01ff
01ff
01ff
01ff
01ff
01ff
0019
0017
0015
0013
01ff
01ff
01ff
01ff
01ff
01ff
01ff
01ff
01ff
01ff
01ff
01ff
0018
0016
0014
0012
01ff
01ff
01ff
01ff
01ff
01ff
01ff
01ff
01ff
01ff
01ff
01ff
0017
0015
0013
0011
01ff
01ff
01ff
01ff
01ff
01ff
01ff
01ff
01ff
01ff
01ff
01ff
01ff
01ff
01ff
01ff
001c
001b
0019
0017
01ff
01ff
01ff
01ff
01ff
01ff
01ff
01ff
01ff
01ff
01ff
01ff
001d
001a
0018
0016
01ff
01ff
01ff
01ff
01ff
01ff
01ff
01ff
01ff
01ff
01ff
01ff
001b
0019
0017
0015
01ff
01ff
01ff
01ff
01ff
01ff
01ff
01ff
01ff
01ff
01ff
01ff
001a
0018
0016
0014
01ff
01ff
01ff
01ff
01ff
01ff
01ff
01ff
01ff
01ff
01ff
01ff
0019
0017
0015
0013
01ff
01ff
01ff
01ff
01ff
01ff
01ff
01ff
01ff
01ff
01ff
01ff
0018
0016
0014
0012
01ff
01ff
01ff
01ff
01ff
01ff
01ff
01ff
01ff
01ff
01ff
01ff
0017
0015
0013
0011
01ff
01ff
01ff
01ff
01ff
01ff
01ff
01ff
01ff
01ff
01ff
01ff
01ff
01ff
01ff
01ff
001c
001b
0017
01ff
01ff
01ff
01ff
01ff
01ff
01ff
01ff
01ff
01ff
01ff
01ff
01ff
001d
001a
0016
01ff
01ff
01ff
01ff
01ff
01ff
01ff
01ff
01ff
01ff
01ff
01ff
01ff
001b
0019
0015
01ff
01ff
01ff
01ff
01ff
01ff
01ff
01ff
01ff
01ff
01ff
01ff
01ff
001a
0018
0014
01ff
01ff
01ff
01ff
01ff
01ff
01ff
01ff
01ff
01ff
01ff
01ff
01ff
0019
0017
0013
01ff
01ff
01ff
01ff
01ff
01ff
01ff
01ff
01ff
01ff
01ff
01ff
01ff
0018
0016
0012
01ff
01ff
01ff
01ff
01ff
01ff
01ff
01ff
01ff
01ff
01ff
01ff
01ff
0017
0015
0011
01ff
01ff
01ff
01ff
01ff
001c
001b
0019
0017
0015
01ff
01ff
01ff
01ff
01ff
01ff
01ff
01ff
01ff
01ff
01ff
001d
001a
0018
0016
0014
01ff
01ff
01ff
01ff
01ff
01ff
01ff
01ff
01ff
01ff
01ff
001b
0019
0017
0015
0013
01ff
01ff
01ff
01ff
01ff
01ff
01ff
01ff
01ff
01ff
01ff
001a
0018
0016
0014
0012
01ff
01ff
01ff
01ff
01ff
01ff
01ff
01ff
01ff
01ff
01ff
0019
0017
0015
0013
0011
01ff
01ff
01ff
01ff
01ff
01ff
01ff
01ff
01ff
01ff
01ff
0018
0016
0014
0012
0010
01ff
01ff
01ff
01ff
01ff
01ff
01ff
01ff
01ff
01ff
01ff
0017
0015
0013
0011
000f
01ff
01ff
01ff
01ff
01ff
01ff
01ff
01ff
01ff
01ff
01ff
01ff
01ff
01ff
01ff
01ff
001c
001b
0019
0017
0015
01ff
01ff
01ff
01ff
01ff
01ff
01ff
01ff
01ff
01ff
01ff
001d
001a
0018
0016
0014
01ff
01ff
01ff
01ff
01ff
01ff
01ff
01ff
01ff
01ff
01ff
001b
0019
0017
0015
0013
01ff
01ff
01ff
01ff
01ff
01ff
01ff
01ff
01ff
01ff
01ff
001a
0018
0016
0014
0012
01ff
01ff
01ff
01ff
01ff
01ff
01ff
01ff
01ff
01ff
01ff
0019
0017
0015
0013
0011
01ff
01ff
01ff
01ff
01ff
01ff
01ff
01ff
01ff
01ff
01ff
0018
0016
0014
0012
0010
01ff
01ff
01ff
01ff
01ff
01ff
01ff
01ff
01ff
01ff
01ff
0017
0015
0013
0011
000f
01ff
01ff
01ff
01ff
01ff
01ff
01ff
01ff
01ff
01ff
01ff
01ff
01ff
01ff
01ff
01ff
001c
001b
0019
0017
01ff
01ff
01ff
01ff
01ff
01ff
01ff
01ff
01ff
01ff
01ff
01ff
001d
001a
0018
0016
01ff
01ff
01ff
01ff
01ff
01ff
01ff
01ff
01ff
01ff
01ff
01ff
001b
0019
0017
0015
01ff
01ff
01ff
01ff
01ff
01ff
01ff
01ff
01ff
01ff
01ff
01ff
001a
0018
0016
0014
01ff
01ff
01ff
01ff
01ff
01ff
01ff
01ff
01ff
01ff
01ff
01ff
0019
0017
0015
0013
01ff
01ff
01ff
01ff
01ff
01ff
01ff
01ff
01ff
01ff
01ff
01ff
0018
0016
0014
0012
01ff
01ff
01ff
01ff
01ff
01ff
01ff
01ff
01ff
01ff
01ff
01ff
0017
0015
0013
0011
01ff
01ff
001e
01ff
0020
0021
0022
0023
0024
0025
0026
001c
001b
0019
0017
0015
01ff
01ff
0027
0028
0029
002a
002b
002c
002d
002e
002f
001d
001a
0018
0016
0014
01ff
01ff
0030
0028
0031
0022
0023
0024
0025
0032
0033
001b
0019
0017
0015
0013
01ff
01ff
0034
0035
0036
002b
002c
002d
002e
002f
0037
001a
0018
0016
0014
0012
01ff
01ff
0020
0035
0021
0023
0024
0025
0026
0038
0039
0019
0017
0015
0013
0011
01ff
01ff
0029
003a
002a
002c
002d
002e
003b
0037
003a
0018
0016
0014
0012
0010
01ff
01ff
0031
0001
0022
0024
0025
0026
001f
0035
0001
0017
0015
0013
0011
000f
01ff
01ff
003c
003d
003e
01ff
01ff
01ff
003f
003c
003d
003e
003f
003c
003d
003e
01ff
01ff
0040
0041
0042
01ff
01ff
01ff
0043
0040
0041
0042
0043
0040
0041
0042
01ff
01ff
0044
0042
0045
01ff
01ff
01ff
003c
0044
0042
0045
003c
0044
0042
0045
01ff
01ff
0041
0045
0046
01ff
01ff
01ff
0040
0041
0045
0046
0040
0041
0045
0046
01ff
01ff
0047
0048
0049
01ff
01ff
01ff
003d
0047
0048
0049
003d
0047
0048
0049
01ff
01ff
0045
004a
004b
01ff
01ff
01ff
003e
0045
004a
004b
003e
0045
004a
004b
01ff
01ff
004c
004d
004e
01ff
01ff
01ff
004f
004c
004d
004e
004f
004c
004d
004e
01ff
01ff
003c
003d
003e
01ff
01ff
01ff
01ff
01ff
01ff
01ff
003f
003c
003d
003e
01ff
01ff
0040
0041
0042
01ff
01ff
01ff
01ff
01ff
01ff
01ff
0043
0040
0041
0042
01ff
01ff
0044
0042
0045
01ff
01ff
01ff
01ff
01ff
01ff
01ff
003c
0044
0042
0045
01ff
01ff
0041
0045
0046
01ff
01ff
01ff
01ff
01ff
01ff
01ff
0040
0041
0045
0046
01ff
01ff
0047
0048
0049
01ff
01ff
01ff
01ff
01ff
01ff
01ff
003d
0047
0048
0049
01ff
01ff
0045
004a
004b
01ff
01ff
01ff
01ff
01ff
01ff
01ff
003e
0045
004a
004b
01ff
01ff
004c
004d
004e
01ff
01ff
01ff
01ff
01ff
01ff
01ff
004f
004c
004d
004e
01ff
01ff
003c
003d
003e
01ff
01ff
01ff
003f
003c
003d
003e
01ff
01ff
01ff
01ff
01ff
01ff
0040
0041
0042
01ff
01ff
01ff
0043
0040
0041
0042
01ff
01ff
01ff
01ff
01ff
01ff
0044
0042
0045
01ff
01ff
01ff
003c
0044
0042
0045
01ff
01ff
01ff
01ff
01ff
01ff
0041
0045
0046
01ff
01ff
01ff
0040
0041
0045
0046
01ff
01ff
01ff
01ff
01ff
01ff
0047
0048
0049
01ff
01ff
01ff
003d
0047
0048
0049
01ff
01ff
01ff
01ff
01ff
01ff
0045
004a
004b
01ff
01ff
01ff
003e
0045
004a
004b
01ff
01ff
01ff
01ff
01ff
01ff
004c
004d
004e
01ff
01ff
01ff
004f
004c
004d
004e
01ff
01ff
01ff
01ff
01ff
01ff
01ff
01ff
01ff
01ff
01ff
01ff
003f
003c
003d
003e
003f
003c
003d
003e
01ff
01ff
01ff
01ff
01ff
01ff
01ff
01ff
0043
0040
0041
0042
0043
0040
0041
0042
01ff
01ff
01ff
01ff
01ff
01ff
01ff
01ff
003c
0044
0042
0045
003c
0044
0042
0045
01ff
01ff
01ff
01ff
01ff
01ff
01ff
01ff
0040
0041
0045
0046
0040
0041
0045
0046
01ff
01ff
01ff
01ff
01ff
01ff
01ff
01ff
003d
0047
0048
0049
003d
0047
0048
0049
01ff
01ff
01ff
01ff
01ff
01ff
01ff
01ff
003e
0045
004a
004b
003e
0045
004a
004b
01ff
01ff
01ff
01ff
01ff
01ff
01ff
01ff
004f
004c
004d
004e
004f
004c
004d
004e
01ff
01ff
01ff
01ff
01ff
003c
003d
003e
01ff
01ff
01ff
01ff
01ff
01ff
01ff
01ff
01ff
01ff
01ff
01ff
01ff
0040
0041
0042
01ff
01ff
01ff
01ff
01ff
01ff
01ff
01ff
01ff
01ff
01ff
01ff
01ff
0044
0042
0045
01ff
01ff
01ff
01ff
01ff
01ff
01ff
01ff
01ff
01ff
01ff
01ff
01ff
0041
0045
0046
01ff
01ff
01ff
01ff
01ff
01ff
01ff
01ff
01ff
01ff
01ff
01ff
01ff
0047
0048
0049
01ff
01ff
01ff
01ff
01ff
01ff
01ff
01ff
01ff
01ff
01ff
01ff
01ff
0045
004a
004b
01ff
01ff
01ff
01ff
01ff
01ff
01ff
01ff
01ff
01ff
01ff
01ff
01ff
004c
004d
004e
01ff
01ff
01ff
01ff
01ff
01ff
01ff
01ff
01ff
01ff
0050
003f
003c
003d
003e
01ff
01ff
01ff
01ff
01ff
0050
003f
003c
003d
01ff
01ff
0051
0043
0040
0041
0042
01ff
01ff
01ff
01ff
01ff
0052
0043
0040
0041
01ff
01ff
003f
003c
0044
0042
0045
01ff
01ff
01ff
01ff
01ff
0043
003c
0044
0042
01ff
01ff
0043
0040
0041
0045
0046
01ff
01ff
01ff
01ff
01ff
0053
0040
0041
0045
01ff
01ff
003c
003d
0047
0048
0049
01ff
01ff
01ff
01ff
01ff
0044
003d
0047
0048
01ff
01ff
0040
003e
0045
004a
004b
01ff
01ff
01ff
01ff
01ff
0042
003e
0045
004a
01ff
01ff
003d
004f
004c
004d
004e
01ff
01ff
01ff
01ff
01ff
004c
004f
004c
004d
01ff
01ff
0050
003f
003c
003d
003e
0050
003f
003c
003d
003e
01ff
01ff
01ff
01ff
01ff
01ff
0051
0043
0040
0041
0042
0051
0043
0040
0041
0042
01ff
01ff
01ff
01ff
01ff
01ff
003f
003c
0044
0042
0045
003f
003c
0044
0042
0045
01ff
01ff
01ff
01ff
01ff
01ff
0043
0040
0041
0045
0046
0043
0040
0041
0045
0046
01ff
01ff
01ff
01ff
01ff
01ff
003c
003d
0047
0048
0049
003c
003d
0047
0048
0049
01ff
01ff
01ff
01ff
01ff
01ff
0040
003e
0045
004a
004b
0040
003e
0045
004a
004b
01ff
01ff
01ff
01ff
01ff
01ff
003d
004f
004c
004d
004e
003d
004f
004c
004d
004e
01ff
01ff
01ff
01ff
01ff
01ff
0054
0055
0056
01ff
01ff
01ff
0057
0054
0058
0056
0057
0054
0058
0056
01ff
01ff
0059
005a
005b
01ff
01ff
01ff
005c
0059
005d
005b
005c
0059
005d
005b
01ff
01ff
0055
005e
005f
01ff
01ff
01ff
0060
0055
0061
005f
0060
0055
0061
005f
01ff
01ff
005a
0061
004a
01ff
01ff
01ff
0062
005a
0063
004a
0062
005a
0063
004a
01ff
01ff
005e
0056
004b
01ff
01ff
01ff
0064
005e
005b
004b
0064
005e
005b
004b
01ff
01ff
0065
0066
004e
01ff
01ff
01ff
0067
0065
005f
004e
0067
0065
005f
004e
01ff
01ff
0068
0069
0001
01ff
01ff
01ff
006a
0068
006b
0001
006a
0068
006b
0001
01ff
01ff
0054
0055
0056
01ff
01ff
01ff
01ff
01ff
01ff
01ff
0057
0054
0058
0056
01ff
01ff
0059
005a
005b
01ff
01ff
01ff
01ff
01ff
01ff
01ff
005c
0059
005d
005b
01ff
01ff
0055
005e
005f
01ff
01ff
01ff
01ff
01ff
01ff
01ff
0060
0055
0061
005f
01ff
01ff
005a
0061
004a
01ff
01ff
01ff
01ff
01ff
01ff
01ff
0062
005a
0063
004a
01ff
01ff
005e
0056
004b
01ff
01ff
01ff
01ff
01ff
01ff
01ff
0064
005e
005b
004b
01ff
01ff
0065
0066
004e
01ff
01ff
01ff
01ff
01ff
01ff
01ff
0067
0065
005f
004e
01ff
01ff
0068
0069
0001
01ff
01ff
01ff
01ff
01ff
01ff
01ff
006a
0068
006b
0001
01ff
01ff
0054
0055
0056
01ff
01ff
01ff
0057
0054
0058
0056
01ff
01ff
01ff
01ff
01ff
01ff
0059
005a
005b
01ff
01ff
01ff
005c
0059
005d
005b
01ff
01ff
01ff
01ff
01ff
01ff
0055
005e
005f
01ff
01ff
01ff
0060
0055
0061
005f
01ff
01ff
01ff
01ff
01ff
01ff
005a
0061
004a
01ff
01ff
01ff
0062
005a
0063
004a
01ff
01ff
01ff
01ff
01ff
01ff
005e
0056
004b
01ff
01ff
01ff
0064
005e
005b
004b
01ff
01ff
01ff
01ff
01ff
01ff
0065
0066
004e
01ff
01ff
01ff
0067
0065
005f
004e
01ff
01ff
01ff
01ff
01ff
01ff
0068
0069
0001
01ff
01ff
01ff
006a
0068
006b
0001
01ff
01ff
01ff
01ff
01ff
01ff
01ff
01ff
01ff
01ff
01ff
01ff
0057
0054
0058
0056
0057
0054
0058
0056
01ff
01ff
01ff
01ff
01ff
01ff
01ff
01ff
005c
0059
005d
005b
005c
0059
005d
005b
01ff
01ff
01ff
01ff
01ff
01ff
01ff
01ff
0060
0055
0061
005f
0060
0055
0061
005f
01ff
01ff
01ff
01ff
01ff
01ff
01ff
01ff
0062
005a
0063
004a
0062
005a
0063
004a
01ff
01ff
01ff
01ff
01ff
01ff
01ff
01ff
0064
005e
005b
004b
0064
005e
005b
004b
01ff
01ff
01ff
01ff
01ff
01ff
01ff
01ff
0067
0065
005f
004e
0067
0065
005f
004e
01ff
01ff
01ff
01ff
01ff
01ff
01ff
01ff
006a
0068
006b
0001
006a
0068
006b
0001
01ff
01ff
01ff
01ff
01ff
0054
0055
0056
01ff
01ff
01ff
01ff
01ff
01ff
01ff
01ff
01ff
01ff
01ff
01ff
01ff
0059
005a
005b
01ff
01ff
01ff
01ff
01ff
01ff
01ff
01ff
01ff
01ff
01ff
01ff
01ff
0055
005e
005f
01ff
01ff
01ff
01ff
01ff
01ff
01ff
01ff
01ff
01ff
01ff
01ff
01ff
005a
0061
004a
01ff
01ff
01ff
01ff
01ff
01ff
01ff
01ff
01ff
01ff
01ff
01ff
01ff
005e
0056
004b
01ff
01ff
01ff
01ff
01ff
01ff
01ff
01ff
01ff
01ff
01ff
01ff
01ff
0065
0066
004e
01ff
01ff
01ff
01ff
01ff
01ff
01ff
01ff
01ff
01ff
01ff
01ff
01ff
0068
0069
0001
01ff
01ff
01ff
01ff
01ff
01ff
01ff
01ff
01ff
01ff
0057
0054
0058
0061
0066
01ff
01ff
01ff
01ff
01ff
0057
0054
0058
0066
01ff
01ff
005c
0059
005d
0063
005f
01ff
01ff
01ff
01ff
01ff
005c
0059
005d
005f
01ff
01ff
0060
0055
0061
005b
004a
01ff
01ff
01ff
01ff
01ff
0060
0055
0061
004a
01ff
01ff
0062
005a
0063
004c
004a
01ff
01ff
01ff
01ff
01ff
0062
005a
0063
004a
01ff
01ff
0064
005e
005b
004a
004b
01ff
01ff
01ff
01ff
01ff
0064
005e
005b
004b
01ff
01ff
0067
0065
005f
004b
004e
01ff
01ff
01ff
01ff
01ff
0067
0065
005f
004e
01ff
01ff
006a
0068
006b
004e
0001
01ff
01ff
01ff
01ff
01ff
006a
0068
006b
0001
01ff
01ff
0057
0054
0058
0061
0066
0057
0054
0058
0061
0066
01ff
01ff
01ff
01ff
01ff
01ff
005c
0059
005d
0063
005f
005c
0059
005d
0063
005f
01ff
01ff
01ff
01ff
01ff
01ff
0060
0055
0061
005b
004a
0060
0055
0061
005b
004a
01ff
01ff
01ff
01ff
01ff
01ff
0062
005a
0063
004c
004a
0062
005a
0063
004c
004a
01ff
01ff
01ff
01ff
01ff
01ff
0064
005e
005b
004a
004b
0064
005e
005b
004a
004b
01ff
01ff
01ff
01ff
01ff
01ff
0067
0065
005f
004b
004e
0067
0065
005f
004b
004e
01ff
01ff
01ff
01ff
01ff
01ff
006a
0068
006b
004e
0001
006a
0068
006b
004e
0001
01ff
01ff
01ff
01ff
01ff
01ff
006c
006d
006e
0050
003f
003c
003d
003e
004f
006f
01ff
01ff
01ff
01ff
01ff
01ff
0070
0071
0072
0051
0043
0040
0041
0042
0073
006c
01ff
01ff
01ff
01ff
01ff
01ff
006d
006e
0050
003f
003c
0044
0042
0045
0074
0070
01ff
01ff
01ff
01ff
01ff
01ff
0071
0072
0051
0043
0040
0041
0045
0046
0075
006d
01ff
01ff
01ff
01ff
01ff
01ff
006e
0050
003f
003c
003d
0047
0048
0049
0076
0071
01ff
01ff
01ff
01ff
01ff
01ff
0072
0051
0043
0040
003e
0045
004a
004b
0077
006e
01ff
01ff
01ff
01ff
01ff
01ff
0050
003f
003c
003d
004f
004c
004d
004e
0001
0072
01ff
01ff
01ff
01ff
01ff
01ff
006c
006d
006e
0050
003f
003c
003d
003e
01ff
01ff
01ff
01ff
01ff
01ff
01ff
01ff
0070
0071
0072
0051
0043
0040
0041
0042
01ff
01ff
01ff
01ff
01ff
01ff
01ff
01ff
006d
006e
0050
003f
003c
0044
0042
0045
01ff
01ff
01ff
01ff
01ff
01ff
01ff
01ff
0071
0072
0051
0043
0040
0041
0045
0046
01ff
01ff
01ff
01ff
01ff
01ff
01ff
01ff
006e
0050
003f
003c
003d
0047
0048
0049
01ff
01ff
01ff
01ff
01ff
01ff
01ff
01ff
0072
0051
0043
0040
003e
0045
004a
004b
01ff
01ff
01ff
01ff
01ff
01ff
01ff
01ff
0050
003f
003c
003d
004f
004c
004d
004e
01ff
01ff
01ff
01ff
01ff
01ff
01ff
01ff
01ff
01ff
01ff
01ff
01ff
01ff
01ff
01ff
006e
0050
003f
003c
003d
003e
01ff
01ff
01ff
01ff
01ff
01ff
01ff
01ff
01ff
01ff
0072
0051
0043
0040
0041
0042
01ff
01ff
01ff
01ff
01ff
01ff
01ff
01ff
01ff
01ff
0050
003f
003c
0044
0042
0045
01ff
01ff
01ff
01ff
01ff
01ff
01ff
01ff
01ff
01ff
0051
0043
0040
0041
0045
0046
01ff
01ff
01ff
01ff
01ff
01ff
01ff
01ff
01ff
01ff
003f
003c
003d
0047
0048
0049
01ff
01ff
01ff
01ff
01ff
01ff
01ff
01ff
01ff
01ff
0043
0040
003e
0045
004a
004b
01ff
01ff
01ff
01ff
01ff
01ff
01ff
01ff
01ff
01ff
003c
003d
004f
004c
004d
004e
01ff
01ff
0078
0007
0079
007a
007b
007c
007d
0078
0007
0079
007a
007b
007c
007d
01ff
01ff
007e
007f
0080
0081
0082
0083
0084
007e
007f
0080
0081
0082
0083
0084
01ff
01ff
0007
0079
007a
007b
007c
007d
0085
0007
0079
007a
007b
007c
007d
0085
01ff
01ff
007f
0080
0081
0082
0083
0084
0086
007f
0080
0081
0082
0083
0084
0086
01ff
01ff
0079
007a
007b
007c
007d
0085
0087
0079
007a
007b
007c
007d
0085
0087
01ff
01ff
0080
0081
0082
0083
0084
0086
0088
0080
0081
0082
0083
0084
0086
0088
01ff
01ff
007a
007b
007c
007d
0085
0087
0001
007a
007b
007c
007d
0085
0087
0001
01ff
01ff
0078
0007
0079
007a
007b
007c
007d
01ff
01ff
01ff
01ff
01ff
01ff
01ff
01ff
01ff
007e
007f
0080
0081
0082
0083
0084
01ff
01ff
01ff
01ff
01ff
01ff
01ff
01ff
01ff
0007
0079
007a
007b
007c
007d
0085
01ff
01ff
01ff
01ff
01ff
01ff
01ff
01ff
01ff
007f
0080
0081
0082
0083
0084
0086
01ff
01ff
01ff
01ff
01ff
01ff
01ff
01ff
01ff
0079
007a
007b
007c
007d
0085
0087
01ff
01ff
01ff
01ff
01ff
01ff
01ff
01ff
01ff
0080
0081
0082
0083
0084
0086
0088
01ff
01ff
01ff
01ff
01ff
01ff
01ff
01ff
01ff
007a
007b
007c
007d
0085
0087
0001
01ff
01ff
01ff
01ff
01ff
01ff
01ff
01ff
01ff
0078
0007
0079
007a
007b
007c
007d
0089
008a
008b
008c
008d
008e
008f
01ff
01ff
007e
007f
0080
0081
0082
0083
0084
0090
0091
0092
000d
0093
0094
0095
01ff
01ff
0007
0079
007a
007b
007c
007d
0085
0096
008b
008c
008d
008e
008f
0069
01ff
01ff
007f
0080
0081
0082
0083
0084
0086
008a
0092
000d
0093
0094
0095
006b
01ff
01ff
0079
007a
007b
007c
007d
0085
0087
0091
008c
008d
008e
008f
0069
004d
01ff
01ff
0080
0081
0082
0083
0084
0086
0088
008b
000d
0093
0094
0095
006b
004e
01ff
01ff
007a
007b
007c
007d
0085
0087
0001
0092
008d
008e
008f
0069
004d
0001
01ff
01ff
0078
0007
0079
007a
007b
007c
007d
0097
0098
0099
009a
009b
009c
009d
01ff
01ff
007e
007f
0080
0081
0082
0083
0084
009e
009f
00a0
00a1
00a2
009d
00a3
01ff
01ff
0007
0079
007a
007b
007c
007d
0085
00a4
00a5
009a
00a6
009c
00a3
00a7
01ff
01ff
007f
0080
0081
0082
0083
0084
0086
0098
0099
00a1
00a8
009d
00a7
0028
01ff
01ff
0079
007a
007b
007c
007d
0085
0087
009f
00a0
00a6
00a9
00a3
00aa
0035
01ff
01ff
0080
0081
0082
0083
0084
0086
0088
00a5
009a
00a8
00ab
00a7
00ac
003a
01ff
01ff
007a
007b
007c
007d
0085
0087
0001
0099
00a1
00a9
00ad
00aa
00ae
0001
01ff
01ff
0078
0007
0079
007a
007b
007c
007d
007e
0079
007a
007b
007c
007d
0085
01ff
01ff
007e
007f
0080
0081
0082
0083
0084
0007
0080
0081
0082
0083
0084
0086
01ff
01ff
0007
0079
007a
007b
007c
007d
0085
007f
007a
007b
007c
007d
0085
0086
01ff
01ff
007f
0080
0081
0082
0083
0084
0086
0079
0081
0082
0083
0084
0086
0087
01ff
01ff
0079
007a
007b
007c
007d
0085
0087
0080
007b
007c
007d
0085
0087
0087
01ff
01ff
0080
0081
0082
0083
0084
0086
0088
007a
0082
0083
0084
0086
0088
0088
01ff
01ff
007a
007b
007c
007d
0085
0087
0001
0081
007c
007d
0085
0087
0001
0001
01ff
01ff
00af
008c
008d
0092
008b
00b0
0090
0091
00b1
00b2
00b3
00b4
008c
00b5
01ff
01ff
00b6
000d
0093
008c
0092
00b7
0096
008b
0089
00b8
00b9
00ba
000d
00bb
01ff
01ff
00bc
008d
008e
000d
008c
00bd
008a
0092
0090
00be
00bf
00c0
008d
00c1
01ff
01ff
00c2
0093
0094
008d
000d
00c3
0091
008c
0096
00c4
00c5
00c6
0093
00c7
01ff
01ff
00c8
008e
008f
0093
008d
00c9
008b
000d
008a
00ca
00cb
00cc
008e
00cd
01ff
01ff
00ce
0094
0095
008e
0093
00cf
0092
008d
0091
00d0
00d1
0054
0094
00d2
01ff
01ff
008c
008f
0069
0094
008e
00d3
008c
0093
008b
00b3
00d4
0059
008f
00d5
01ff
01ff
006d
006e
0050
003f
003c
003d
006d
006e
0050
003f
003c
003d
004f
01ff
01ff
01ff
0071
0072
0051
0043
0040
0041
0071
0072
0051
0043
0040
0041
0073
01ff
01ff
01ff
006e
0050
003f
003c
0044
0042
006e
0050
003f
003c
0044
0042
0074
01ff
01ff
01ff
0072
0051
0043
0040
0041
0045
0072
0051
0043
0040
0041
0045
0075
01ff
01ff
01ff
0050
003f
003c
003d
0047
0048
0050
003f
003c
003d
0047
0048
0076
01ff
01ff
01ff
0051
0043
0040
003e
0045
004a
0051
0043
0040
003e
0045
004a
0077
01ff
01ff
01ff
003f
003c
003d
004f
004c
004d
003f
003c
003d
004f
004c
004d
0001
01ff
01ff
01ff
006d
006e
0050
003f
003c
003d
01ff
01ff
01ff
01ff
01ff
01ff
004f
01ff
01ff
01ff
0071
0072
0051
0043
0040
0041
01ff
01ff
01ff
01ff
01ff
01ff
0073
01ff
01ff
01ff
006e
0050
003f
003c
0044
0042
01ff
01ff
01ff
01ff
01ff
01ff
0074
01ff
01ff
01ff
0072
0051
0043
0040
0041
0045
01ff
01ff
01ff
01ff
01ff
01ff
0075
01ff
01ff
01ff
0050
003f
003c
003d
0047
0048
01ff
01ff
01ff
01ff
01ff
01ff
0076
01ff
01ff
01ff
0051
0043
0040
003e
0045
004a
01ff
01ff
01ff
01ff
01ff
01ff
0077
01ff
01ff
01ff
003f
003c
003d
004f
004c
004d
01ff
01ff
01ff
01ff
01ff
01ff
0001
01ff
01ff
01ff
006d
006e
0050
003f
003c
003d
006d
006e
0050
003f
003c
003d
004f
01ff
01ff
01ff
0071
0072
0051
0043
0040
0041
0071
0072
0051
0043
0040
0041
0073
01ff
01ff
01ff
006e
0050
003f
003c
0044
0042
006e
0050
003f
003c
0044
0042
0074
01ff
01ff
01ff
0072
0051
0043
0040
0041
0045
0072
0051
0043
0040
0041
0045
0075
01ff
01ff
01ff
0050
003f
003c
003d
0047
0048
0050
003f
003c
003d
0047
0048
0076
01ff
01ff
01ff
0051
0043
0040
003e
0045
004a
0051
0043
0040
003e
0045
004a
0077
01ff
01ff
01ff
003f
003c
003d
004f
004c
004d
003f
003c
003d
004f
004c
004d
0001
01ff
01ff
01ff
006c
006d
006e
00d6
006d
006e
00d6
006d
006e
00d6
006d
006e
00d6
01ff
01ff
01ff
0070
0071
0072
00d7
0071
0072
00d7
0071
0072
00d7
0071
0072
00d7
01ff
01ff
01ff
006d
006e
0050
00d8
006e
0050
00d8
006e
0050
00d8
006e
0050
00d8
01ff
01ff
01ff
0071
0072
0051
0052
0072
0051
0052
0072
0051
0052
0072
0051
0052
01ff
01ff
01ff
006e
0050
003f
00d9
0050
003f
00d9
0050
003f
00d9
0050
003f
00d9
01ff
01ff
01ff
0072
0051
0043
00da
0051
0043
00da
0051
0043
00da
0051
0043
00da
01ff
01ff
01ff
0050
003f
003c
0053
003f
003c
0053
003f
003c
0053
003f
003c
0053
01ff
01ff
01ff
01ff
01ff
01ff
01ff
001c
001c
001c
0019
0019
0019
0017
0017
0017
01ff
01ff
01ff
01ff
01ff
01ff
01ff
001d
001d
001d
0018
0018
0018
0016
0016
0016
01ff
01ff
01ff
01ff
01ff
01ff
01ff
001b
001b
001b
0017
0017
0017
0015
0015
0015
01ff
01ff
01ff
01ff
01ff
01ff
01ff
001a
001a
001a
0016
0016
0016
0014
0014
0014
01ff
01ff
01ff
01ff
01ff
01ff
01ff
0019
0019
0019
0015
0015
0015
0013
0013
0013
01ff
01ff
01ff
01ff
01ff
01ff
01ff
0018
0018
0018
0014
0014
0014
0012
0012
0012
01ff
01ff
01ff
01ff
01ff
01ff
01ff
0017
0017
0017
0013
0013
0013
0011
0011
0011
01ff
01ff
01ff
01ff
01ff
01ff
01ff
001c
001c
001c
0019
0019
0019
0017
0017
0017
01ff
01ff
01ff
01ff
01ff
01ff
01ff
001d
001d
001d
0018
0018
0018
0016
0016
0016
01ff
01ff
01ff
01ff
01ff
01ff
01ff
001b
001b
001b
0017
0017
0017
0015
0015
0015
01ff
01ff
01ff
01ff
01ff
01ff
01ff
001a
001a
001a
0016
0016
0016
0014
0014
0014
01ff
01ff
01ff
01ff
01ff
01ff
01ff
0019
0019
0019
0015
0015
0015
0013
0013
0013
01ff
01ff
01ff
01ff
01ff
01ff
01ff
0018
0018
0018
0014
0014
0014
0012
0012
0012
01ff
01ff
01ff
01ff
01ff
01ff
01ff
0017
0017
0017
0013
0013
0013
0011
0011
0011
01ff
01ff
01ff
001c
0019
0017
0015
0019
0017
0015
0019
0017
0015
0019
0017
0015
01ff
01ff
01ff
001d
0018
0016
0014
0018
0016
0014
0018
0016
0014
0018
0016
0014
01ff
01ff
01ff
001b
0017
0015
0013
0017
0015
0013
0017
0015
0013
0017
0015
0013
01ff
01ff
01ff
001a
0016
0014
0012
0016
0014
0012
0016
0014
0012
0016
0014
0012
01ff
01ff
01ff
0019
0015
0013
0011
0015
0013
0011
0015
0013
0011
0015
0013
0011
01ff
01ff
01ff
0018
0014
0012
0010
0014
0012
0010
0014
0012
0010
0014
0012
0010
01ff
01ff
01ff
0017
0013
0011
000f
0013
0011
000f
0013
0011
000f
0013
0011
000f
01ff
01ff
01ff
00db
007e
0080
0082
0083
0084
00dc
00dd
0089
008a
0085
008b
008c
003c
01ff
01ff
00de
0007
007a
007c
007d
0085
00df
00e0
0090
0091
0086
0092
000d
0040
01ff
01ff
00e1
007f
0081
0083
0084
0085
00e2
00e3
0096
008b
0086
008c
008d
0044
01ff
01ff
0078
0079
007b
007d
0085
0086
00e4
00e5
008a
0092
0087
000d
0093
0041
01ff
01ff
007e
0080
0082
0084
0086
0086
00e6
00e7
0091
008c
0087
008d
008e
0047
01ff
01ff
0007
007a
007c
0085
0087
0087
00e8
00e9
008b
000d
0088
0093
0094
0045
01ff
01ff
007f
0081
0083
0086
0088
0088
00ea
00eb
0092
008d
0001
008e
008f
004c
01ff
01ff
0078
0007
0079
007a
0081
0082
007c
00ec
00ed
00ee
00ef
00f0
00f1
00f2
01ff
01ff
007e
007f
0080
0081
007b
007c
0083
00ed
00f3
00ec
00f4
00f5
00f6
00f7
01ff
01ff
0007
0079
007a
007b
0082
0083
007d
00f3
00f8
00ed
00f9
00ef
00f0
00fa
01ff
01ff
007f
0080
0081
0082
007c
007d
0084
00f8
00fb
00f3
00ee
00f4
00f5
00fc
01ff
01ff
0079
007a
007b
007c
0083
0084
0085
00fb
0087
00fd
00ec
00f9
00ef
00f1
01ff
01ff
0080
0081
0082
0083
007d
0085
0086
00fe
0088
00ff
00ed
00ee
00f4
00f6
01ff
01ff
007a
007b
007c
007d
0084
0086
0087
00ae
0001
0100
00f3
00ec
00f9
00f0
01ff
01ff
007a
007c
0097
0098
00a5
00a0
00a1
007a
007c
0097
0098
00a5
00a0
00a1
01ff
01ff
0081
0083
009e
009f
0099
009a
00a6
0081
0083
009e
009f
0099
009a
00a6
01ff
01ff
007b
007d
00a4
00a5
00a0
00a1
00a8
007b
007d
00a4
00a5
00a0
00a1
00a8
01ff
01ff
0082
0084
0098
0099
009a
00a6
00a9
0082
0084
0098
0099
009a
00a6
00a9
01ff
01ff
007c
0085
009f
00a0
00a1
00a8
00ab
007c
0085
009f
00a0
00a1
00a8
00ab
01ff
01ff
0083
0086
00a5
009a
00a6
00a9
00ad
0083
0086
00a5
009a
00a6
00a9
00ad
01ff
01ff
007d
0087
0099
00a1
00a8
00ab
0101
007d
0087
0099
00a1
00a8
00ab
0101
01ff
01ff
0079
007b
0102
0103
0104
0105
0106
0079
007b
0107
0103
0104
0105
0106
01ff
01ff
0080
0082
0108
0004
0109
010a
010b
0080
0082
0102
0004
0109
010a
010b
01ff
01ff
007a
007c
0103
0104
0105
0106
010c
007a
007c
0108
0104
0105
0106
010c
01ff
01ff
0081
0083
0004
0109
010a
010b
010d
0081
0083
0103
0109
010a
010b
010d
01ff
01ff
007b
007d
0104
0105
0106
010c
010e
007b
007d
0004
0105
0106
010c
010e
01ff
01ff
0082
0084
0109
010a
010b
010d
010f
0082
0084
0104
010a
010b
010d
010f
01ff
01ff
007c
0085
0105
0106
010c
010e
0093
007c
0085
0109
0106
010c
010e
0093
01ff
01ff
0079
007b
0078
007f
0080
0081
0082
0079
007b
0078
007f
0080
0081
0082
01ff
01ff
0080
0082
007e
0079
007a
007b
007c
0080
0082
007e
0079
007a
007b
007c
01ff
01ff
007a
007c
0007
0080
0081
0082
0083
007a
007c
0007
0080
0081
0082
0083
01ff
01ff
0081
0083
007f
007a
007b
007c
007d
0081
0083
007f
007a
007b
007c
007d
01ff
01ff
007b
007d
0079
0081
0082
0083
0084
007b
007d
0079
0081
0082
0083
0084
01ff
01ff
0082
0084
0080
007b
007c
007d
0085
0082
0084
0080
007b
007c
007d
0085
01ff
01ff
007c
0085
007a
0082
0083
0084
0086
007c
0085
007a
0082
0083
0084
0086
01ff
01ff
007a
007c
0097
0098
00a5
00a0
00a1
01ff
01ff
01ff
01ff
01ff
01ff
01ff
01ff
01ff
0081
0083
009e
009f
0099
009a
00a6
01ff
01ff
01ff
01ff
01ff
01ff
01ff
01ff
01ff
007b
007d
00a4
00a5
00a0
00a1
00a8
01ff
01ff
01ff
01ff
01ff
01ff
01ff
01ff
01ff
0082
0084
0098
0099
009a
00a6
00a9
01ff
01ff
01ff
01ff
01ff
01ff
01ff
01ff
01ff
007c
0085
009f
00a0
00a1
00a8
00ab
01ff
01ff
01ff
01ff
01ff
01ff
01ff
01ff
01ff
0083
0086
00a5
009a
00a6
00a9
00ad
01ff
01ff
01ff
01ff
01ff
01ff
01ff
01ff
01ff
007d
0087
0099
00a1
00a8
00ab
0101
01ff
01ff
01ff
01ff
01ff
01ff
01ff
01ff
01ff
0079
007b
0102
0103
0104
0105
0106
01ff
01ff
01ff
01ff
01ff
01ff
01ff
01ff
01ff
0080
0082
0108
0004
0109
010a
010b
01ff
01ff
01ff
01ff
01ff
01ff
01ff
01ff
01ff
007a
007c
0103
0104
0105
0106
010c
01ff
01ff
01ff
01ff
01ff
01ff
01ff
01ff
01ff
0081
0083
0004
0109
010a
010b
010d
01ff
01ff
01ff
01ff
01ff
01ff
01ff
01ff
01ff
007b
007d
0104
0105
0106
010c
010e
01ff
01ff
01ff
01ff
01ff
01ff
01ff
01ff
01ff
0082
0084
0109
010a
010b
010d
010f
01ff
01ff
01ff
01ff
01ff
01ff
01ff
01ff
01ff
007c
0085
0105
0106
010c
010e
0093
01ff
01ff
01ff
01ff
01ff
01ff
01ff
01ff
01ff
0079
007b
0078
007f
0080
0081
0082
01ff
01ff
01ff
01ff
01ff
01ff
01ff
01ff
01ff
0080
0082
007e
0079
007a
007b
007c
01ff
01ff
01ff
01ff
01ff
01ff
01ff
01ff
01ff
007a
007c
0007
0080
0081
0082
0083
01ff
01ff
01ff
01ff
01ff
01ff
01ff
01ff
01ff
0081
0083
007f
007a
007b
007c
007d
01ff
01ff
01ff
01ff
01ff
01ff
01ff
01ff
01ff
007b
007d
0079
0081
0082
0083
0084
01ff
01ff
01ff
01ff
01ff
01ff
01ff
01ff
01ff
0082
0084
0080
007b
007c
007d
0085
01ff
01ff
01ff
01ff
01ff
01ff
01ff
01ff
01ff
007c
0085
007a
0082
0083
0084
0086
01ff
01ff
01ff
01ff
01ff
01ff
01ff
01ff
01ff
0078
0007
0079
007a
0081
0082
007c
009e
0098
00a5
00a0
00a1
00a8
00ab
01ff
01ff
007e
007f
0080
0081
007b
007c
0083
00a4
009f
0099
009a
00a6
00a9
00ad
01ff
01ff
0007
0079
007a
007b
0082
0083
007d
0098
00a5
00a0
00a1
00a8
00ab
00a7
01ff
01ff
007f
0080
0081
0082
007c
007d
0084
009f
0099
009a
00a6
00a9
00ad
00aa
01ff
01ff
0079
007a
007b
007c
0083
0084
0085
00a5
00a0
00a1
00a8
00ab
0101
0035
01ff
01ff
0080
0081
0082
0083
007d
0085
0086
0099
009a
00a6
00a9
00ad
0110
003a
01ff
01ff
007a
007b
007c
007d
0084
0086
0087
00a0
00a1
00a8
00ab
0101
0100
0001
01ff
01ff
0078
0007
0079
007a
0081
0082
007c
0102
0103
0104
0105
0106
010c
010e
01ff
01ff
007e
007f
0080
0081
007b
007c
0083
0108
0004
0109
010a
010b
010d
0111
01ff
01ff
0007
0079
007a
007b
0082
0083
007d
0103
0104
0105
0106
010c
0112
0113
01ff
01ff
007f
0080
0081
0082
007c
007d
0084
0004
0109
010a
010b
010d
0111
0114
01ff
01ff
0079
007a
007b
007c
0083
0084
0085
0104
0105
0106
010c
010e
0115
0116
01ff
01ff
0080
0081
0082
0083
007d
0085
0086
0109
010a
010b
010d
010f
0114
008f
01ff
01ff
007a
007b
007c
007d
0084
0086
0087
0105
0106
010c
010e
0093
0094
0095
01ff
01ff
0078
0007
0079
007a
0081
0082
007c
0078
0007
0079
007a
007b
007c
007d
01ff
01ff
007e
007f
0080
0081
007b
007c
0083
007e
007f
0080
0081
0082
0083
0084
01ff
01ff
0007
0079
007a
007b
0082
0083
007d
0007
0079
007a
007b
007c
007d
0085
01ff
01ff
007f
0080
0081
0082
007c
007d
0084
007f
0080
0081
0082
0083
0084
0086
01ff
01ff
0079
007a
007b
007c
0083
0084
0085
0079
007a
007b
007c
007d
0085
0087
01ff
01ff
0080
0081
0082
0083
007d
0085
0086
0080
0081
0082
0083
0084
0086
0088
01ff
01ff
007a
007b
007c
007d
0084
0086
0087
007a
007b
007c
007d
0085
0087
0001
01ff
01ff
00db
007e
0080
0082
0083
0084
0117
0089
0118
0119
011a
011b
011c
011d
01ff
01ff
011e
0078
0079
007b
007c
007d
011f
0120
0121
0122
0123
0124
0125
0126
01ff
01ff
0127
00e1
007f
0081
0082
0083
0128
0129
012a
0118
0119
011a
011b
011c
01ff
01ff
012b
00de
0007
007a
007b
007c
012c
012d
012e
0121
0122
0123
0124
0125
01ff
01ff
012f
00db
007e
0080
0081
0082
0130
0131
0132
012a
0118
0119
011a
011b
01ff
01ff
0133
011e
0078
0079
007a
007b
0134
0135
0136
012e
0121
0122
0123
0124
01ff
01ff
0137
0127
00e1
007f
0080
0081
0138
0139
013a
0132
012a
0118
0119
011a
01ff
01ff
00db
007e
007f
0080
0081
0082
0083
0084
0002
013b
013c
013d
013e
013f
01ff
01ff
00db
007e
007f
0080
0081
0082
0083
0084
0140
0141
0142
0143
0144
01ff
01ff
01ff
00db
007e
007f
0080
0081
0082
0083
0084
0145
0146
0147
0148
01ff
01ff
01ff
01ff
0149
014a
014b
014c
014d
014e
014f
0150
0151
0152
0152
0153
01ff
0152
01ff
01ff
0100
0149
014a
014b
014c
014d
014e
014f
0150
0151
014d
0152
01ff
0153
01ff
01ff
014c
014d
014e
014f
0150
0151
0154
0155
0156
0005
0148
0152
0157
01ff
01ff
01ff
0149
014a
014b
014c
014d
014e
014f
0150
0151
0152
0153
0153
0152
01ff
01ff
01ff
0100
0149
014a
014b
014c
014d
014e
014f
0150
0151
0158
01ff
0152
0153
01ff
01ff
014c
014d
014e
014f
0150
0151
0154
0155
0156
0005
0152
01ff
0153
0152
01ff
01ff
00bd
0159
015a
015b
015c
015d
015a
015e
015a
015f
0160
0007
0078
0082
01ff
01ff
00c3
0161
0162
0163
015e
0164
0162
0165
0162
0166
0167
007f
007e
007c
01ff
01ff
00c9
0168
015b
0169
0165
016a
015b
015a
015b
016b
016c
0079
0007
0083
01ff
01ff
00cf
016d
0163
016e
015a
016f
0163
0162
0163
0170
0171
0080
007f
007d
01ff
01ff
00d3
0172
0169
0173
0162
0174
0169
015b
0169
0159
0175
007a
0079
0084
01ff
01ff
0176
0177
016e
0178
015b
0179
016e
0163
016e
0161
017a
0081
0080
0085
01ff
01ff
017b
017c
0173
017d
0163
017e
0173
0169
0173
0168
017f
007b
007a
0086
01ff
01ff
0180
016b
015f
016b
015f
0007
016b
015f
0007
011e
015f
00de
0007
0078
01ff
01ff
0181
0170
0166
0170
0166
007f
0170
0166
007f
00db
0166
00e1
007f
007e
01ff
01ff
0182
0159
016b
0159
016b
0079
0159
016b
0079
00de
016b
0078
0079
0007
01ff
01ff
0183
0161
0170
0161
0170
0080
0161
0170
0080
00e1
0170
007e
0080
007f
01ff
01ff
0184
0168
0159
0168
0159
007a
0168
0159
007a
0078
0159
0007
007a
0079
01ff
01ff
0185
016d
0161
016d
0161
0081
016d
0161
0081
007e
0161
007f
0081
0080
01ff
01ff
0186
0172
0168
0172
0168
007b
0172
0168
007b
0007
0168
0079
007b
007a
01ff
01ff
0187
0188
0189
018a
018b
015e
0162
0169
0173
017d
018a
018b
015a
015b
01ff
01ff
018c
018d
018e
018f
015c
0165
015b
016e
0178
0190
018f
015c
0162
0163
01ff
01ff
0188
0191
0192
018b
015e
015a
0163
0173
017d
017f
018b
015e
015b
0169
01ff
01ff
018d
0189
018a
015c
0165
0162
0169
0178
0190
0193
015c
0165
0163
016e
01ff
01ff
0191
018e
018f
015e
015a
015b
016e
017d
0194
00fd
015e
015a
0169
0173
01ff
01ff
0189
0192
018b
0165
0162
0163
0173
0190
0195
00ff
0165
0162
016e
0178
01ff
01ff
018e
018a
015c
015a
015b
0169
0178
0194
0101
0100
015a
015b
0173
017d
01ff
01ff
0187
0188
0189
018a
018b
015e
0162
0169
0173
017d
0196
0197
0198
0199
01ff
01ff
018c
018d
018e
018f
015c
0165
015b
016e
0178
0190
019a
019b
019c
019d
01ff
01ff
0188
0191
0192
018b
015e
015a
0163
0173
017d
017f
019e
019f
01a0
01a1
01ff
01ff
018d
0189
018a
015c
0165
0162
0169
0178
0190
0193
01a2
01a3
01a4
01a5
01ff
01ff
0191
018e
018f
015e
015a
015b
016e
017d
0194
00fd
01a6
01a7
01a8
01a9
01ff
01ff
0189
0192
018b
0165
0162
0163
0173
0190
0195
00ff
01aa
01ab
01ac
000d
01ff
01ff
018e
018a
015c
015a
015b
0169
0178
0194
0101
0100
0198
01ad
01ae
008d
01ff
01ff
01af
0133
0127
00db
00e1
0007
0079
0081
007c
007d
0085
01b0
0089
01b1
01ff
01ff
01af
011e
007f
0081
0083
0191
018b
015a
015b
0169
0173
017d
01b2
0089
01ff
01ff
016e
0162
0163
016e
0178
0165
0162
0163
01b3
0165
01b4
01b5
01b5
01b6
01ff
01ff
0173
015b
0169
0173
01b7
015a
015b
0169
01b8
015a
01b9
01ba
01ba
01bb
01ff
01ff
017d
0169
0173
017d
017f
015b
0169
0173
01bc
015b
01bd
01be
01be
01bf
01ff
01ff
0190
016e
0178
0190
01c0
0163
016e
0178
01c1
0163
01c2
01c3
01c3
01c4
01ff
01ff
0195
0178
0190
0195
0149
016e
0178
0190
01c5
016e
01c6
01c7
01c7
01c8
01ff
01ff
0038
0038
0038
0038
0038
0038
0038
01c9
01c9
01c9
01c9
01c9
00b1
00b1
01ff
01ff
01ca
01ca
01ca
01ca
01ca
01ca
01ca
01cb
01cb
01cb
01cb
01cb
0089
0089
01ff
01ff
0039
0039
0039
0039
0039
0039
0039
01cc
01cc
01cc
01cc
01cc
0096
0096
01ff
01ff
0088
0088
0088
0088
0088
0088
0088
01cd
01cd
01cd
01cd
01cd
008a
008a
01ff
01ff
0001
0001
0001
0001
0001
0001
0001
01ce
01ce
01ce
01ce
01ce
008b
008b
01ff
01ff
0038
0038
0038
0038
0038
0038
0038
01c9
01c9
01c9
01c9
0038
0038
0038
01ff
01ff
01ca
01ca
01ca
01ca
01ca
01ca
01ca
01cb
01cb
01cb
01cb
01ca
01ca
01ca
01ff
01ff
0039
0039
0039
0039
0039
0039
0039
01cc
01cc
01cc
01cc
0039
0039
0039
01ff
01ff
0088
0088
0088
0088
0088
0088
0088
01cd
01cd
01cd
01cd
0088
0088
0088
01ff
01ff
0001
0001
0001
0001
0001
0001
0001
01ce
01ce
01ce
01ce
0001
0001
0001
01ff
01ff
0038
0038
0038
0038
01ff
0038
01ff
01c9
01c9
01c9
01c9
01c9
0038
0038
01ff
01ff
01ca
01ca
01ca
01ca
01ff
01ca
01ff
01cb
01cb
01cb
01cb
01cb
01ca
01ca
01ff
01ff
0039
0039
0039
0039
01ff
0039
01ff
01cc
01cc
01cc
01cc
01cc
0039
0039
01ff
01ff
0088
0088
0088
0088
01ff
0088
01ff
01cd
01cd
01cd
01cd
01cd
0088
0088
01ff
01ff
0001
0001
0001
0001
01ff
01ff
01ff
01ce
01ce
01ce
01ce
01ce
0001
0001
01ff
01ff
0038
0038
0038
0038
01ff
01ff
0038
01c9
01c9
01c9
01c9
01c9
00b1
0038
01ff
01ff
01ca
01ca
01ca
01ca
01ff
01ff
01ca
01cb
01cb
01cb
01cb
01cb
0089
01ca
01ff
01ff
0039
0039
0039
0039
01ff
01ff
0039
01cc
01cc
01cc
01cc
01cc
0096
0039
01ff
01ff
0088
0088
0088
0088
01ff
01ff
0088
01cd
01cd
01cd
01cd
01cd
008a
0088
01ff
01ff
0001
0001
0001
0001
01ff
01ff
0001
01ce
01ce
01ce
01ce
01ce
008b
0001
01ff
01ff
0038
01ff
01ff
0038
01ff
01ff
01ff
01c9
01ff
01ff
01c9
01c9
01ff
0038
01ff
01ff
01ca
01ff
01ff
01ca
01ff
01ff
01ff
01cb
01ff
01ff
01cb
01cb
01ff
01ca
01ff
01ff
0039
01ff
01ff
0039
01ff
01ff
01ff
01cc
01ff
01ff
01cc
01cc
01ff
0039
01ff
01ff
0088
01ff
01ff
0088
01ff
01ff
01ff
01cd
01ff
01ff
01cd
01cd
01ff
0088
01ff
01ff
0001
01ff
01ff
0001
01ff
01ff
01ff
01ce
01ff
01ff
01ce
01ce
01ff
0001
01ff
01ff
01ff
0038
0038
01ff
01ff
0038
01ff
01ff
01c9
01c9
01ff
01ff
00b1
01ff
01ff
01ff
01ff
01ca
01ca
01ff
01ff
01ca
01ff
01ff
01cb
01cb
01ff
01ff
0089
01ff
01ff
01ff
01ff
0039
0039
01ff
01ff
0039
01ff
01ff
01cc
01cc
01ff
01ff
0096
01ff
01ff
01ff
01ff
0088
0088
01ff
01ff
0088
01ff
01ff
01cd
01cd
01ff
01ff
008a
01ff
01ff
01ff
01ff
0001
0001
01ff
01ff
0001
01ff
01ff
01ce
01ce
01ff
01ff
008b
01ff
01ff
01ff
0038
0038
01ff
01ff
01ff
01ff
0038
01c9
01c9
01ff
01ff
01c9
0038
00b1
01ff
01ff
01ca
01ca
01ff
01ff
01ff
01ff
01ca
01cb
01cb
01ff
01ff
01cb
01ca
0089
01ff
01ff
0039
0039
01ff
01ff
01ff
01ff
0039
01cc
01cc
01ff
01ff
01cc
0039
0096
01ff
01ff
0088
0088
01ff
01ff
01ff
01ff
0088
01cd
01cd
01ff
01ff
01cd
0088
008a
01ff
01ff
0001
0001
01ff
01ff
01ff
01ff
0001
01ce
01ce
01ff
01ff
01ce
0001
008b
01ff
01ff
01ff
01ff
0038
0038
01ff
01ff
0038
01ff
01ff
01c9
01c9
01ff
01ff
01ff
01ff
01ff
01ff
01ff
01ca
01ca
01ff
01ff
01ca
01ff
01ff
01cb
01cb
01ff
01ff
01ff
01ff
01ff
01ff
01ff
0039
0039
01ff
01ff
0039
01ff
01ff
01cc
01cc
01ff
01ff
01ff
01ff
01ff
01ff
01ff
0088
0088
01ff
01ff
0088
01ff
01ff
01cd
01cd
01ff
01ff
01ff
01ff
01ff
01ff
01ff
0001
0001
01ff
01ff
0001
01ff
01ff
01ce
01ce
01ff
01ff
01ff
01ff
01ff
0007
0079
007a
007b
007c
007d
007b
007c
007a
007a
007a
00b1
01cf
01d0
01ff
01ff
007f
0080
0081
0082
0083
0084
0082
0083
0081
0081
0081
0089
01d1
01d2
01ff
01ff
0080
0081
0082
0083
0084
0086
0083
0084
0082
0082
0082
0096
01d3
01d4
01ff
01ff
007a
007b
007c
007d
0085
0087
007d
0085
007c
007c
007c
008a
01d5
01d6
01ff
01ff
007b
007c
007d
0085
0087
0001
0085
0087
007d
007d
007d
008b
01d7
01d8
01ff
01ff
0079
007a
007b
007c
007d
0085
007c
01d9
007b
007b
007b
0090
01da
01db
01ff
01ff
0080
0081
0082
0083
0084
0086
0083
0084
0082
0082
0082
0096
01dc
01dd
01ff
01ff
0081
0082
0083
0084
0086
0087
0084
01de
0083
0083
0083
0091
01df
01e0
01ff
01ff
007b
007c
007d
0085
0087
0088
0085
0087
007d
007d
007d
008b
01d7
01e1
01ff
01ff
007c
007d
0085
0087
0001
0001
0087
004e
0085
0085
0085
008c
01e2
01e3
01ff
01ff
0000
0001
0002
0003
0004
0005
0006
0007
0008
0009
000a
000b
000c
000d
01ff
01ff
0000
000e
000f
0010
0011
0012
0013
0014
0015
0016
0017
0018
0019
001a
01ff
01ff
0001
0004
001b
001c
000d
001d
001e
001f
0020
0021
0022
0023
0024
0025
01ff
01ff
0026
0027
0028
0029
002a
002b
002c
002d
002e
002f
0030
0031
0032
01ff
01ff
01ff
0033
0034
0035
0036
0037
0038
0039
01ff
01ff
01ff
01ff
01ff
01ff
01ff
01ff
01ff
003a
003b
003c
003d
003e
003a
003b
003c
003d
003f
003a
003b
003c
003d
01ff
01ff
0040
0041
0042
0043
0044
0040
0041
0042
0043
0044
0040
0041
0042
0043
01ff
01ff
0045
0046
0047
0048
0049
0045
0046
0047
0048
0049
0045
0046
0047
0048
01ff
01ff
0049
004a
004b
004c
004d
0049
004a
004b
004c
004d
01ff
01ff
01ff
01ff
01ff
01ff
01ff
01ff
01ff
01ff
01ff
0049
004a
004b
004c
004d
0049
004a
004b
004c
01ff
01ff
01ff
01ff
01ff
01ff
01ff
0049
004a
004b
004c
004d
01ff
01ff
01ff
01ff
01ff
01ff
0049
004a
004b
004c
004d
01ff
01ff
01ff
01ff
01ff
01ff
01ff
01ff
01ff
01ff
01ff
0033
004e
004f
0050
0036
0037
0051
0052
0053
0054
0055
0045
004a
0037
01ff
01ff
004e
004f
0050
0036
0037
0051
0052
0053
0054
0055
0045
004a
01ff
01ff
01ff
01ff
004f
0050
0036
0037
0051
0052
0053
0054
0055
0045
004a
01ff
01ff
01ff
01ff
01ff
0050
0036
0037
0051
0052
0053
0054
0055
0045
004a
01ff
01ff
01ff
01ff
01ff
01ff
0036
0037
0051
0052
0053
0054
0055
0045
004a
01ff
01ff
01ff
01ff
01ff
01ff
01ff
0037
0051
0052
0053
0054
0055
0045
004a
01ff
01ff
01ff
01ff
01ff
01ff
01ff
01ff
0051
0052
0053
0054
0055
0045
004a
01ff
01ff
01ff
01ff
01ff
01ff
01ff
01ff
01ff
0052
0053
0054
0055
0045
004a
01ff
01ff
01ff
01ff
01ff
01ff
01ff
01ff
01ff
01ff
0053
0054
0055
0045
004a
01ff
01ff
01ff
01ff
01ff
01ff
01ff
01ff
01ff
01ff
01ff
0054
0055
0045
004a
01ff
01ff
01ff
01ff
01ff
01ff
01ff
01ff
01ff
01ff
01ff
01ff
0055
0045
004a
01ff
01ff
01ff
01ff
01ff
01ff
01ff
01ff
01ff
01ff
01ff
01ff
01ff
0045
004a
01ff
01ff
01ff
01ff
01ff
01ff
01ff
01ff
01ff
01ff
01ff
01ff
01ff
01ff
0056
0057
0058
004c
0059
005a
005b
005c
005d
000d
005e
005f
0060
0061
01ff
01ff
0033
0033
0033
0062
0063
0064
0065
0066
0067
0068
0033
0033
0033
0033
01ff
01ff
0033
0033
0033
0001
0004
001b
001c
0069
006a
0033
0033
0033
0033
0033
01ff
01ff
0033
0033
0033
006b
006c
006d
006e
006f
01ff
0033
0033
0033
0033
0033
01ff
01ff
0070
0071
0072
0073
0074
0075
006e
004f
0076
0077
0078
0079
007a
007b
01ff
01ff
0000
0002
007c
007d
001b
007e
001c
007f
0069
006a
0080
000d
0081
000d
01ff
01ff
0000
0082
0083
0084
0085
0086
0087
0088
0089
008a
008b
008c
008d
0049
01ff
01ff
0000
0082
008e
008f
0090
0091
0092
0093
0094
0033
0020
0033
0033
0033
01ff
01ff
0000
0082
0095
0096
0097
0098
0099
0099
0098
0033
009a
009b
009a
0033
01ff
01ff
0000
009c
009d
009e
009f
00a0
00a1
00a2
000d
00a3
00a4
00a5
00a6
00a7
01ff
01ff
009a
00a8
00a9
00aa
00ab
00ac
0088
00ad
00ae
00af
00b0
007d
0004
01ff
01ff
01ff
009a
00b1
00b2
0075
00b3
00b4
00b5
00b6
001c
007e
001b
007d
0004
01ff
01ff
01ff
0033
00b7
00b8
0077
00b9
00ba
007b
00bb
0045
0048
004b
004d
0048
004c
01ff
01ff
0033
004e
004f
0050
0036
0037
0051
0052
0053
0054
0055
00bc
004a
01ff
01ff
01ff
00bd
00be
00bf
00c0
00c1
0065
00c2
00c3
000d
00c4
00c5
00c6
00c7
00c8
01ff
01ff
0000
0002
00c9
00ca
007e
001c
007f
0069
006a
0080
00cb
00cc
00cd
00ce
01ff
01ff
00cf
00d0
00d1
00d2
00d3
00d4
00d5
00d6
00d7
00d8
0033
0033
0033
0033
01ff
01ff
009a
00d9
0099
00da
00cc
00db
00dc
00dd
008d
0045
00de
00df
00e0
00e1
01ff
01ff
00e2
00e3
00e4
00e5
00e6
00e7
00e8
00e9
00ea
00eb
00eb
000d
000d
000d
01ff
01ff
00e2
00e3
00e4
00e5
00e6
00e7
00e8
00e9
00ea
00eb
000d
00eb
000d
000d
01ff
01ff
00e2
00e3
00e4
00e5
00e6
00e7
00e8
00e9
00ea
00eb
000d
000d
00eb
000d
01ff
01ff
00e2
00e3
00e4
00e5
00e6
00e7
00e8
00e9
00ea
00eb
000d
000d
000d
00eb
01ff
01ff
00ea
00e9
00e8
00e7
00e6
00e5
00e9
00e3
00ec
00eb
000d
000d
000d
000d
01ff
01ff
0000
0002
0004
00ed
007e
001c
007f
0069
006a
0080
00ee
00ef
008c
008d
01ff
01ff
0000
0002
0004
00ed
007e
001c
007f
0069
006a
0080
00ee
00f0
00f1
00f2
01ff
01ff
0000
0002
0004
00ed
007e
001c
007f
0069
006a
0080
00ee
00cd
0049
00f3
01ff
01ff
0000
0001
0002
0003
0004
0005
0006
0007
0008
0009
000a
000b
000c
000d
01ff
01ff
0000
000e
000f
0010
0011
0012
0013
0014
0015
0016
0017
0018
0019
001a
01ff
01ff
0001
0004
001b
001c
000d
001d
001e
001f
0020
0021
0022
0023
0024
0025
01ff
01ff
0026
0027
0028
0029
002a
002b
002c
002d
002e
002f
0030
0031
0032
01ff
01ff
01ff
0033
0034
0035
0036
0037
0038
0039
01ff
01ff
01ff
01ff
01ff
01ff
01ff
01ff
01ff
003a
003b
003c
003d
003e
003a
003b
003c
003d
003f
003a
003b
003c
003d
01ff
01ff
0040
0041
0042
0043
0044
0040
0041
0042
0043
0044
0040
0041
0042
0043
01ff
01ff
0045
0046
0047
0048
0049
0045
0046
0047
0048
0049
0045
0046
0047
0048
01ff
01ff
0049
004a
004b
004c
004d
0049
004a
004b
004c
004d
01ff
01ff
01ff
01ff
01ff
01ff
01ff
01ff
01ff
01ff
01ff
0049
004a
004b
004c
004d
0049
004a
004b
004c
01ff
01ff
01ff
01ff
01ff
01ff
01ff
0049
004a
004b
004c
004d
01ff
01ff
01ff
01ff
01ff
01ff
0049
004a
004b
004c
004d
01ff
01ff
01ff
01ff
01ff
01ff
01ff
01ff
01ff
01ff
01ff
0033
004e
004f
0050
0036
0037
0051
0052
0053
0054
0055
0045
004a
0037
01ff
01ff
004e
004f
0050
0036
0037
0051
0052
0053
0054
0055
0045
004a
01ff
01ff
01ff
01ff
004f
0050
0036
0037
0051
0052
0053
0054
0055
0045
004a
01ff
01ff
01ff
01ff
01ff
0050
0036
0037
0051
0052
0053
0054
0055
0045
004a
01ff
01ff
01ff
01ff
01ff
01ff
0036
0037
0051
0052
0053
0054
0055
0045
004a
01ff
01ff
01ff
01ff
01ff
01ff
01ff
0037
0051
0052
0053
0054
0055
0045
004a
01ff
01ff
01ff
01ff
01ff
01ff
01ff
01ff
0051
0052
0053
0054
0055
0045
004a
01ff
01ff
01ff
01ff
01ff
01ff
01ff
01ff
01ff
0052
0053
0054
0055
0045
004a
01ff
01ff
01ff
01ff
01ff
01ff
01ff
01ff
01ff
01ff
0053
0054
0055
0045
004a
01ff
01ff
01ff
01ff
01ff
01ff
01ff
01ff
01ff
01ff
01ff
0054
0055
0045
004a
01ff
01ff
01ff
01ff
01ff
01ff
01ff
01ff
01ff
01ff
01ff
01ff
0055
0045
004a
01ff
01ff
01ff
01ff
01ff
01ff
01ff
01ff
01ff
01ff
01ff
01ff
01ff
0045
004a
01ff
01ff
01ff
01ff
01ff
01ff
01ff
01ff
01ff
01ff
01ff
01ff
01ff
01ff
0056
0057
0058
004c
0059
005a
005b
005c
005d
000d
005e
005f
0060
0061
01ff
01ff
0033
0033
0033
0062
0063
0064
0065
0066
0067
0068
0033
0033
0033
0033
01ff
01ff
0033
0033
0033
0001
0004
001b
001c
0069
006a
0033
0033
0033
0033
0033
01ff
01ff
0033
0033
0033
006b
006c
006d
006e
006f
01ff
0033
0033
0033
0033
0033
01ff
01ff
0070
0071
0072
0073
0074
0075
006e
004f
0076
0077
0078
0079
007a
007b
01ff
01ff
0000
0002
007c
007d
001b
007e
001c
007f
0069
006a
0080
000d
0081
000d
01ff
01ff
0000
0082
0083
0084
0085
0086
0087
0088
0089
008a
008b
008c
008d
0049
01ff
01ff
0000
0082
008e
008f
0090
0091
0092
0093
0094
0033
0020
0033
0033
0033
01ff
01ff
0000
0082
0095
0096
0097
0098
0099
0099
0098
0033
009a
009b
009a
0033
01ff
01ff
0000
009c
009d
009e
009f
00a0
00a1
00a2
000d
00a3
00a4
00a5
00a6
00a7
01ff
01ff
009a
00a8
00a9
00aa
00ab
00ac
0088
00ad
00ae
00af
00b0
007d
0004
01ff
01ff
01ff
009a
00b1
00b2
0075
00b3
00b4
00b5
00b6
001c
007e
001b
007d
0004
01ff
01ff
01ff
0033
00b7
00b8
0077
00b9
00ba
007b
00bb
0045
0048
004b
004d
0048
004c
01ff
01ff
0033
004e
004f
0050
0036
0037
0051
0052
0053
0054
0055
00bc
004a
01ff
01ff
01ff
00bd
00be
00bf
00c0
00c1
0065
00c2
00c3
000d
00c4
00c5
00c6
00c7
00c8
01ff
01ff
0000
0002
00c9
00ca
007e
001c
007f
0069
006a
0080
00cb
00cc
00cd
00ce
01ff
01ff
00cf
00d0
00d1
00d2
00d3
00d4
00d5
00d6
00d7
00d8
0033
0033
0033
0033
01ff
01ff
009a
00d9
0099
00da
00cc
00db
00dc
00dd
008d
0045
00de
00df
00e0
00e1
01ff
01ff
00e2
00e3
00e4
00e5
00e6
00e7
00e8
00e9
00ea
00eb
00eb
000d
000d
000d
01ff
01ff
00e2
00e3
00e4
00e5
00e6
00e7
00e8
00e9
00ea
00eb
000d
00eb
000d
000d
01ff
01ff
00e2
00e3
00e4
00e5
00e6
00e7
00e8
00e9
00ea
00eb
000d
000d
00eb
000d
01ff
01ff
00e2
00e3
00e4
00e5
00e6
00e7
00e8
00e9
00ea
00eb
000d
000d
000d
00eb
01ff
01ff
00ea
00e9
00e8
00e7
00e6
00e5
00e9
00e3
00ec
00eb
000d
000d
000d
000d
01ff
01ff
0000
0002
0004
00ed
007e
001c
007f
0069
006a
0080
00ee
00ef
008c
008d
01ff
01ff
0000
0002
0004
00ed
007e
001c
007f
0069
006a
0080
00ee
00f0
00f1
00f2
01ff
01ff
0000
0002
0004
00ed
007e
001c
007f
0069
006a
0080
00ee
00cd
0049
00f3
01ff
01ff
0033
0002
0004
00ed
007e
001c
007f
0069
006a
00f4
00f5
00f0
00f1
00f2
01ff
01ff
0000
0002
0004
00ed
007e
001c
007f
0069
006a
0080
00ee
00f6
00f1
00f2
01ff
01ff
00f7
0062
00f8
0063
0064
00f9
0066
00fa
00fb
00fc
00fd
00fe
00ff
0100
01ff
01ff
0033
0101
0102
0103
0104
0105
0106
0107
0108
0109
010a
010b
004d
010c
01ff
01ff
01ff
010d
010e
010f
0110
0111
0112
00a1
0113
0114
0115
0116
0117
0118
01ff
01ff
0119
011a
011b
011c
011d
011e
011f
0120
0121
0122
0123
0124
0125
0126
01ff
01ff
0001
0003
0127
001b
007e
001c
007f
0069
006a
00ee
008d
008c
00db
0128
01ff
01ff
0001
0003
0127
001b
007e
001c
007f
0069
006a
0128
008d
008c
00db
00ee
01ff
01ff
0000
0007
0129
012a
012b
012c
012d
012e
012f
0130
0131
005d
0132
0133
01ff
01ff
0000
0007
0129
012a
012b
012c
012d
012e
012f
0130
0131
005d
0132
0039
01ff
01ff
0000
0007
0129
012a
012b
012c
012d
012e
012f
0130
0131
005d
0132
00dc
01ff
01ff
0000
0007
0129
012a
012b
012c
012d
012e
012f
0130
0131
005d
0132
00bc
01ff
01ff
0134
0135
0136
0137
0138
0139
013a
013b
013c
013d
013e
0033
0033
013f
01ff
01ff
0140
0141
0142
0143
0144
0145
0146
0147
0148
0149
0075
000d
00cd
0033
01ff
01ff
014a
014b
0090
014c
014d
014e
014f
0133
014b
0090
0150
0151
0152
0153
01ff
01ff
0154
0155
0156
0157
0158
0159
015a
006e
0155
0156
0157
0158
0159
015a
01ff
01ff
0064
00f9
0066
00fa
015b
015c
015d
015e
015f
0160
0161
0162
0163
0049
01ff
01ff
001c
0164
0165
0166
0167
0168
0169
016a
016b
016c
016d
016e
016f
0170
01ff
01ff
01ff
0164
0165
0166
0167
0168
0169
016a
016b
016c
016d
016e
016f
0170
01ff
01ff
01ff
0171
00aa
00dc
008c
00dd
00cd
008d
0045
0047
0049
004b
004d
0172
01ff
01ff
0173
0174
0175
0176
0177
0178
0179
017a
017b
017c
017d
017e
017f
0180
01ff
01ff
0002
007c
0127
001b
007e
001c
007f
0069
006a
0080
0057
0181
00cc
01ff
01ff
01ff
0033
0182
0183
0184
0185
0186
0187
0188
0189
018a
018b
018c
018d
018e
01ff
01ff
0127
018f
0190
0191
00f4
0192
0193
0194
0195
0196
0197
0198
0199
019a
01ff
01ff
0001
019b
0004
00ed
019c
0167
016a
019d
019e
00f4
019f
0055
01a0
0099
01ff
01ff
01a1
01a2
01a3
01a4
01a5
01a1
01a2
01a3
01a3
01a3
01a3
01a3
01a3
01a3
01ff
01ff
001c
01a6
01a7
01a8
01a6
01a9
01a9
01aa
01ab
01ac
01ad
01ae
01a6
007f
01ff
01ff
01a1
01a2
01a3
01a4
01a5
01af
01af
01b0
01a3
01a3
01a3
01a3
01b1
01b0
01ff
01ff
00cd
01b2
01b3
01b4
01b5
016d
01b3
00e9
01b6
001c
01b7
00f5
00f4
007f
01ff
01ff
007f
0069
006a
01b8
00ee
007f
0069
006a
006a
006a
006a
006a
006a
006a
01ff
01ff
01b9
01a1
01a2
01a3
01b0
01b0
01a4
01a4
01a4
01a4
01a4
01b0
01a3
01b1
01ff
01ff
01ba
01bb
01bc
01bd
01be
01ba
01bb
01bc
01bd
01be
00bb
008d
01bf
01c0
01ff
01ff
01ff
01ff
01ff
01ff
01ff
01a2
01a3
01a4
01a5
01a5
01a2
01a3
01a4
01b9
01ff
01ff
01ff
01ff
01ff
01ff
01ff
01a2
01a3
01a4
01a5
01a5
01a2
01a3
01a4
01b9
01ff
01ff
01c1
01a2
01a3
01a4
00e2
01a2
01a3
01a4
01a5
01ff
01ff
01ff
01ff
01ff
01ff
01ff
01c1
01a2
01a3
01a4
00e2
01a2
01a3
01a4
01a5
01a5
01a2
01a3
01a4
01b9
01ff
01ff
01ff
01ff
01ff
01ff
01ff
0069
006a
0080
00ee
00ee
0069
006a
0080
001c
01ff
01ff
01ff
01ff
01ff
01ff
01ff
0069
006a
0080
00ee
01ff
01ff
01ff
01ff
01ff
01ff
01ff
007f
0069
006a
0080
00ee
0069
006a
0080
00ee
01ff
01ff
01ff
01ff
01ff
01ff
01ff
0192
01c2
0193
01c3
01c4
01c5
01c6
01c7
0198
01c8
01ff
01ff
01ff
01ff
01ff
01ff
0192
01c2
0193
01c3
01c4
01c5
01c6
01c7
0193
01c3
01c4
01c5
01c6
01c7
01ff
01ff
0000
0001
0002
0003
0004
0005
0006
0007
0008
0009
000a
000b
000c
000d
01ff
01ff
0000
0001
0002
0003
0004
0005
0006
0007
0008
0009
000a
000b
000c
000d
01ff
01ff
0000
0001
0002
0003
0004
0005
0006
0007
0008
0009
000a
000b
000c
000d
01ff
01ff
000e
000f
0010
0011
0012
0013
0014
0015
0016
0017
0018
0019
001a
001b
01ff
01ff
000e
000f
0010
0011
0012
0013
0014
0015
0016
0017
0017
0018
0019
001a
01ff
01ff
000f
000f
0010
0011
0012
0013
0014
0014
0015
0016
0017
0018
0018
0019
01ff
01ff
000f
000f
0010
0011
0012
0013
0014
0014
0015
0016
0016
0017
0018
0018
01ff
01ff
000f
0010
0011
0011
0012
0013
0014
0014
0015
0015
0016
0017
0017
0017
01ff
01ff
0010
0010
0011
0011
0012
0012
0013
0013
0014
0015
0015
0016
0016
0016
01ff
01ff
0010
0010
0011
0011
0012
0012
0013
0013
0014
0014
0014
0015
0015
0015
01ff
01ff
001b
001c
0019
001b
001b
001b
001c
001c
001c
0019
0019
0019
001b
001b
01ff
01ff
001a
001d
0018
001a
001a
001a
001d
001d
001d
0018
0018
0018
001a
001a
01ff
01ff
0019
001b
0017
0019
0019
0019
001b
001b
001b
0017
0017
0017
0019
0019
01ff
01ff
0018
001a
0016
0018
0018
0018
001a
001a
001a
0016
0016
0016
0018
0018
01ff
01ff
0017
0019
0015
0017
0017
0017
0019
0019
0019
0015
0015
0015
0017
0017
01ff
01ff
0016
0018
0014
0016
0016
0016
0018
0018
0018
0014
0014
0014
0016
0016
01ff
01ff
0015
0017
0013
0015
0015
0015
0017
0017
0017
0013
0013
0013
0015
0015
01ff
01ff
01ff
01ff
01ff
01ff
001c
001b
0019
0017
001c
001b
0017
01ff
01ff
01ff
01ff
01ff
01ff
01ff
01ff
01ff
001d
001a
0018
0016
001d
001a
0016
01ff
01ff
01ff
01ff
01ff
01ff
01ff
01ff
01ff
001b
0019
0017
0015
001b
0019
0015
01ff
01ff
01ff
01ff
01ff
01ff
01ff
01ff
01ff
001a
0018
0016
0014
001a
0018
0014
01ff
01ff
01ff
01ff
01ff
01ff
01ff
01ff
01ff
0019
0017
0015
0013
0019
0017
0013
01ff
01ff
01ff
01ff
01ff
01ff
01ff
01ff
01ff
0018
0016
0014
0012
0018
0016
0012
01ff
01ff
01ff
01ff
01ff
01ff
01ff
01ff
01ff
0017
0015
0013
0011
0017
0015
0011
01ff
01ff
01ff
01ff
01ff
001c
001b
0019
0017
01ff
01ff
01ff
01ff
01ff
01ff
01ff
01ff
01ff
01ff
01ff
01ff
001d
001a
0018
0016
01ff
01ff
01ff
01ff
01ff
01ff
01ff
01ff
01ff
01ff
01ff
01ff
001b
0019
0017
0015
01ff
01ff
01ff
01ff
01ff
01ff
01ff
01ff
01ff
01ff
01ff
01ff
001a
0018
0016
0014
01ff
01ff
01ff
01ff
01ff
01ff
01ff
01ff
01ff
01ff
01ff
01ff
0019
0017
0015
0013
01ff
01ff
01ff
01ff
01ff
01ff
01ff
01ff
01ff
01ff
01ff
01ff
0018
0016
0014
0012
01ff
01ff
01ff
01ff
01ff
01ff
01ff
01ff
01ff
01ff
01ff
01ff
0017
0015
0013
0011
01ff
01ff
01ff
01ff
01ff
01ff
01ff
01ff
01ff
01ff
01ff
01ff
01ff
01ff
01ff
01ff
001c
001b
0019
0017
01ff
01ff
01ff
01ff
01ff
01ff
01ff
01ff
01ff
01ff
01ff
01ff
001d
001a
0018
0016
01ff
01ff
01ff
01ff
01ff
01ff
01ff
01ff
01ff
01ff
01ff
01ff
001b
0019
0017
0015
01ff
01ff
01ff
01ff
01ff
01ff
01ff
01ff
01ff
01ff
01ff
01ff
001a
0018
0016
0014
01ff
01ff
01ff
01ff
01ff
01ff
01ff
01ff
01ff
01ff
01ff
01ff
0019
0017
0015
0013
01ff
01ff
01ff
01ff
01ff
01ff
01ff
01ff
01ff
01ff
01ff
01ff
0018
0016
0014
0012
01ff
01ff
01ff
01ff
01ff
01ff
01ff
01ff
01ff
01ff
01ff
01ff
0017
0015
0013
0011
01ff
01ff
01ff
01ff
01ff
01ff
01ff
01ff
01ff
01ff
01ff
01ff
01ff
01ff
01ff
01ff
001c
001b
0017
01ff
01ff
01ff
01ff
01ff
01ff
01ff
01ff
01ff
01ff
01ff
01ff
01ff
001d
001a
0016
01ff
01ff
01ff
01ff
01ff
01ff
01ff
01ff
01ff
01ff
01ff
01ff
01ff
001b
0019
0015
01ff
01ff
01ff
01ff
01ff
01ff
01ff
01ff
01ff
01ff
01ff
01ff
01ff
001a
0018
0014
01ff
01ff
01ff
01ff
01ff
01ff
01ff
01ff
01ff
01ff
01ff
01ff
01ff
0019
0017
0013
01ff
01ff
01ff
01ff
01ff
01ff
01ff
01ff
01ff
01ff
01ff
01ff
01ff
0018
0016
0012
01ff
01ff
01ff
01ff
01ff
01ff
01ff
01ff
01ff
01ff
01ff
01ff
01ff
0017
0015
0011
01ff
01ff
01ff
01ff
01ff
001c
001b
0019
0017
0015
01ff
01ff
01ff
01ff
01ff
01ff
01ff
01ff
01ff
01ff
01ff
001d
001a
0018
0016
0014
01ff
01ff
01ff
01ff
01ff
01ff
01ff
01ff
01ff
01ff
01ff
001b
0019
0017
0015
0013
01ff
01ff
01ff
01ff
01ff
01ff
01ff
01ff
01ff
01ff
01ff
001a
0018
0016
0014
0012
01ff
01ff
01ff
01ff
01ff
01ff
01ff
01ff
01ff
01ff
01ff
0019
0017
0015
0013
0011
01ff
01ff
01ff
01ff
01ff
01ff
01ff
01ff
01ff
01ff
01ff
0018
0016
0014
0012
0010
01ff
01ff
01ff
01ff
01ff
01ff
01ff
01ff
01ff
01ff
01ff
0017
0015
0013
0011
000f
01ff
01ff
01ff
01ff
01ff
01ff
01ff
01ff
01ff
01ff
01ff
01ff
01ff
01ff
01ff
01ff
001c
001b
0019
0017
0015
01ff
01ff
01ff
01ff
01ff
01ff
01ff
01ff
01ff
01ff
01ff
001d
001a
0018
0016
0014
01ff
01ff
01ff
01ff
01ff
01ff
01ff
01ff
01ff
01ff
01ff
001b
0019
0017
0015
0013
01ff
01ff
01ff
01ff
01ff
01ff
01ff
01ff
01ff
01ff
01ff
001a
0018
0016
0014
0012
01ff
01ff
01ff
01ff
01ff
01ff
01ff
01ff
01ff
01ff
01ff
0019
0017
0015
0013
0011
01ff
01ff
01ff
01ff
01ff
01ff
01ff
01ff
01ff
01ff
01ff
0018
0016
0014
0012
0010
01ff
01ff
01ff
01ff
01ff
01ff
01ff
01ff
01ff
01ff
01ff
0017
0015
0013
0011
000f
01ff
01ff
01ff
01ff
01ff
01ff
01ff
01ff
01ff
01ff
01ff
01ff
01ff
01ff
01ff
01ff
001c
001b
0019
0017
01ff
01ff
01ff
01ff
01ff
01ff
01ff
01ff
01ff
01ff
01ff
01ff
001d
001a
0018
0016
01ff
01ff
01ff
01ff
01ff
01ff
01ff
01ff
01ff
01ff
01ff
01ff
001b
0019
0017
0015
01ff
01ff
01ff
01ff
01ff
01ff
01ff
01ff
01ff
01ff
01ff
01ff
001a
0018
0016
0014
01ff
01ff
01ff
01ff
01ff
01ff
01ff
01ff
01ff
01ff
01ff
01ff
0019
0017
0015
0013
01ff
01ff
01ff
01ff
01ff
01ff
01ff
01ff
01ff
01ff
01ff
01ff
0018
0016
0014
0012
01ff
01ff
01ff
01ff
01ff
01ff
01ff
01ff
01ff
01ff
01ff
01ff
0017
0015
0013
0011
01ff
01ff
001e
01ff
0020
0021
0022
0023
0024
0025
0026
001c
001b
0019
0017
0015
01ff
01ff
0027
0028
0029
002a
002b
002c
002d
002e
002f
001d
001a
0018
0016
0014
01ff
01ff
0030
0028
0031
0022
0023
0024
0025
0032
0033
001b
0019
0017
0015
0013
01ff
01ff
0034
0035
0036
002b
002c
002d
002e
002f
0037
001a
0018
0016
0014
0012
01ff
01ff
0020
0035
0021
0023
0024
0025
0026
0038
0039
0019
0017
0015
0013
0011
01ff
01ff
0029
003a
002a
002c
002d
002e
003b
0037
003a
0018
0016
0014
0012
0010
01ff
01ff
0031
0001
0022
0024
0025
0026
001f
0035
0001
0017
0015
0013
0011
000f
01ff
01ff
003c
003d
003e
01ff
01ff
01ff
003f
003c
003d
003e
003f
003c
003d
003e
01ff
01ff
0040
0041
0042
01ff
01ff
01ff
0043
0040
0041
0042
0043
0040
0041
0042
01ff
01ff
0044
0042
0045
01ff
01ff
01ff
003c
0044
0042
0045
003c
0044
0042
0045
01ff
01ff
0041
0045
0046
01ff
01ff
01ff
0040
0041
0045
0046
0040
0041
0045
0046
01ff
01ff
0047
0048
0049
01ff
01ff
01ff
003d
0047
0048
0049
003d
0047
0048
0049
01ff
01ff
0045
004a
004b
01ff
01ff
01ff
003e
0045
004a
004b
003e
0045
004a
004b
01ff
01ff
004c
004d
004e
01ff
01ff
01ff
004f
004c
004d
004e
004f
004c
004d
004e
01ff
01ff
003c
003d
003e
01ff
01ff
01ff
01ff
01ff
01ff
01ff
003f
003c
003d
003e
01ff
01ff
0040
0041
0042
01ff
01ff
01ff
01ff
01ff
01ff
01ff
0043
0040
0041
0042
01ff
01ff
0044
0042
0045
01ff
01ff
01ff
01ff
01ff
01ff
01ff
003c
0044
0042
0045
01ff
01ff
0041
0045
0046
01ff
01ff
01ff
01ff
01ff
01ff
01ff
0040
0041
0045
0046
01ff
01ff
0047
0048
0049
01ff
01ff
01ff
01ff
01ff
01ff
01ff
003d
0047
0048
0049
01ff
01ff
0045
004a
004b
01ff
01ff
01ff
01ff
01ff
01ff
01ff
003e
0045
004a
004b
01ff
01ff
004c
004d
004e
01ff
01ff
01ff
01ff
01ff
01ff
01ff
004f
004c
004d
004e
01ff
01ff
003c
003d
003e
01ff
01ff
01ff
003f
003c
003d
003e
01ff
01ff
01ff
01ff
01ff
01ff
0040
0041
0042
01ff
01ff
01ff
0043
0040
0041
0042
01ff
01ff
01ff
01ff
01ff
01ff
0044
0042
0045
01ff
01ff
01ff
003c
0044
0042
0045
01ff
01ff
01ff
01ff
01ff
01ff
0041
0045
0046
01ff
01ff
01ff
0040
0041
0045
0046
01ff
01ff
01ff
01ff
01ff
01ff
0047
0048
0049
01ff
01ff
01ff
003d
0047
0048
0049
01ff
01ff
01ff
01ff
01ff
01ff
0045
004a
004b
01ff
01ff
01ff
003e
0045
004a
004b
01ff
01ff
01ff
01ff
01ff
01ff
004c
004d
004e
01ff
01ff
01ff
004f
004c
004d
004e
01ff
01ff
01ff
01ff
01ff
01ff
01ff
01ff
01ff
01ff
01ff
01ff
003f
003c
003d
003e
003f
003c
003d
003e
01ff
01ff
01ff
01ff
01ff
01ff
01ff
01ff
0043
0040
0041
0042
0043
0040
0041
0042
01ff
01ff
01ff
01ff
01ff
01ff
01ff
01ff
003c
0044
0042
0045
003c
0044
0042
0045
01ff
01ff
01ff
01ff
01ff
01ff
01ff
01ff
0040
0041
0045
0046
0040
0041
0045
0046
01ff
01ff
01ff
01ff
01ff
01ff
01ff
01ff
003d
0047
0048
0049
003d
0047
0048
0049
01ff
01ff
01ff
01ff
01ff
01ff
01ff
01ff
003e
0045
004a
004b
003e
0045
004a
004b
01ff
01ff
01ff
01ff
01ff
01ff
01ff
01ff
004f
004c
004d
004e
004f
004c
004d
004e
01ff
01ff
01ff
01ff
01ff
003c
003d
003e
01ff
01ff
01ff
01ff
01ff
01ff
01ff
01ff
01ff
01ff
01ff
01ff
01ff
0040
0041
0042
01ff
01ff
01ff
01ff
01ff
01ff
01ff
01ff
01ff
01ff
01ff
01ff
01ff
0044
0042
0045
01ff
01ff
01ff
01ff
01ff
01ff
01ff
01ff
01ff
01ff
01ff
01ff
01ff
0041
0045
0046
01ff
01ff
01ff
01ff
01ff
01ff
01ff
01ff
01ff
01ff
01ff
01ff
01ff
0047
0048
0049
01ff
01ff
01ff
01ff
01ff
01ff
01ff
01ff
01ff
01ff
01ff
01ff
01ff
0045
004a
004b
01ff
01ff
01ff
01ff
01ff
01ff
01ff
01ff
01ff
01ff
01ff
01ff
01ff
004c
004d
004e
01ff
01ff
01ff
01ff
01ff
01ff
01ff
01ff
01ff
01ff
0050
003f
003c
003d
003e
01ff
01ff
01ff
01ff
01ff
0050
003f
003c
003d
01ff
01ff
0051
0043
0040
0041
0042
01ff
01ff
01ff
01ff
01ff
0052
0043
0040
0041
01ff
01ff
003f
003c
0044
0042
0045
01ff
01ff
01ff
01ff
01ff
0043
003c
0044
0042
01ff
01ff
0043
0040
0041
0045
0046
01ff
01ff
01ff
01ff
01ff
0053
0040
0041
0045
01ff
01ff
003c
003d
0047
0048
0049
01ff
01ff
01ff
01ff
01ff
0044
003d
0047
0048
01ff
01ff
0040
003e
0045
004a
004b
01ff
01ff
01ff
01ff
01ff
0042
003e
0045
004a
01ff
01ff
003d
004f
004c
004d
004e
01ff
01ff
01ff
01ff
01ff
004c
004f
004c
004d
01ff
01ff
0050
003f
003c
003d
003e
0050
003f
003c
003d
003e
01ff
01ff
01ff
01ff
01ff
01ff
0051
0043
0040
0041
0042
0051
0043
0040
0041
0042
01ff
01ff
01ff
01ff
01ff
01ff
003f
003c
0044
0042
0045
003f
003c
0044
0042
0045
01ff
01ff
01ff
01ff
01ff
01ff
0043
0040
0041
0045
0046
0043
0040
0041
0045
0046
01ff
01ff
01ff
01ff
01ff
01ff
003c
003d
0047
0048
0049
003c
003d
0047
0048
0049
01ff
01ff
01ff
01ff
01ff
01ff
0040
003e
0045
004a
004b
0040
003e
0045
004a
004b
01ff
01ff
01ff
01ff
01ff
01ff
003d
004f
004c
004d
004e
003d
004f
004c
004d
004e
01ff
01ff
01ff
01ff
01ff
01ff
0054
0055
0056
01ff
01ff
01ff
0057
0054
0058
0056
0057
0054
0058
0056
01ff
01ff
0059
005a
005b
01ff
01ff
01ff
005c
0059
005d
005b
005c
0059
005d
005b
01ff
01ff
0055
005e
005f
01ff
01ff
01ff
0060
0055
0061
005f
0060
0055
0061
005f
01ff
01ff
005a
0061
004a
01ff
01ff
01ff
0062
005a
0063
004a
0062
005a
0063
004a
01ff
01ff
005e
0056
004b
01ff
01ff
01ff
0064
005e
005b
004b
0064
005e
005b
004b
01ff
01ff
0065
0066
004e
01ff
01ff
01ff
0067
0065
005f
004e
0067
0065
005f
004e
01ff
01ff
0068
0069
0001
01ff
01ff
01ff
006a
0068
006b
0001
006a
0068
006b
0001
01ff
01ff
0054
0055
0056
01ff
01ff
01ff
01ff
01ff
01ff
01ff
0057
0054
0058
0056
01ff
01ff
0059
005a
005b
01ff
01ff
01ff
01ff
01ff
01ff
01ff
005c
0059
005d
005b
01ff
01ff
0055
005e
005f
01ff
01ff
01ff
01ff
01ff
01ff
01ff
0060
0055
0061
005f
01ff
01ff
005a
0061
004a
01ff
01ff
01ff
01ff
01ff
01ff
01ff
0062
005a
0063
004a
01ff
01ff
005e
0056
004b
01ff
01ff
01ff
01ff
01ff
01ff
01ff
0064
005e
005b
004b
01ff
01ff
0065
0066
004e
01ff
01ff
01ff
01ff
01ff
01ff
01ff
0067
0065
005f
004e
01ff
01ff
0068
0069
0001
01ff
01ff
01ff
01ff
01ff
01ff
01ff
006a
0068
006b
0001
01ff
01ff
0054
0055
0056
01ff
01ff
01ff
0057
0054
0058
0056
01ff
01ff
01ff
01ff
01ff
01ff
0059
005a
005b
01ff
01ff
01ff
005c
0059
005d
005b
01ff
01ff
01ff
01ff
01ff
01ff
0055
005e
005f
01ff
01ff
01ff
0060
0055
0061
005f
01ff
01ff
01ff
01ff
01ff
01ff
005a
0061
004a
01ff
01ff
01ff
0062
005a
0063
004a
01ff
01ff
01ff
01ff
01ff
01ff
005e
0056
004b
01ff
01ff
01ff
0064
005e
005b
004b
01ff
01ff
01ff
01ff
01ff
01ff
0065
0066
004e
01ff
01ff
01ff
0067
0065
005f
004e
01ff
01ff
01ff
01ff
01ff
01ff
0068
0069
0001
01ff
01ff
01ff
006a
0068
006b
0001
01ff
01ff
01ff
01ff
01ff
01ff
01ff
01ff
01ff
01ff
01ff
01ff
0057
0054
0058
0056
0057
0054
0058
0056
01ff
01ff
01ff
01ff
01ff
01ff
01ff
01ff
005c
0059
005d
005b
005c
0059
005d
005b
01ff
01ff
01ff
01ff
01ff
01ff
01ff
01ff
0060
0055
0061
005f
0060
0055
0061
005f
01ff
01ff
01ff
01ff
01ff
01ff
01ff
01ff
0062
005a
0063
004a
0062
005a
0063
004a
01ff
01ff
01ff
01ff
01ff
01ff
01ff
01ff
0064
005e
005b
004b
0064
005e
005b
004b
01ff
01ff
01ff
01ff
01ff
01ff
01ff
01ff
0067
0065
005f
004e
0067
0065
005f
004e
01ff
01ff
01ff
01ff
01ff
01ff
01ff
01ff
006a
0068
006b
0001
006a
0068
006b
0001
01ff
01ff
01ff
01ff
01ff
0054
0055
0056
01ff
01ff
01ff
01ff
01ff
01ff
01ff
01ff
01ff
01ff
01ff
01ff
01ff
0059
005a
005b
01ff
01ff
01ff
01ff
01ff
01ff
01ff
01ff
01ff
01ff
01ff
01ff
01ff
0055
005e
005f
01ff
01ff
01ff
01ff
01ff
01ff
01ff
01ff
01ff
01ff
01ff
01ff
01ff
005a
0061
004a
01ff
01ff
01ff
01ff
01ff
01ff
01ff
01ff
01ff
01ff
01ff
01ff
01ff
005e
0056
004b
01ff
01ff
01ff
01ff
01ff
01ff
01ff
01ff
01ff
01ff
01ff
01ff
01ff
0065
0066
004e
01ff
01ff
01ff
01ff
01ff
01ff
01ff
01ff
01ff
01ff
01ff
01ff
01ff
0068
0069
0001
01ff
01ff
01ff
01ff
01ff
01ff
01ff
01ff
01ff
01ff
0057
0054
0058
0061
0066
01ff
01ff
01ff
01ff
01ff
0057
0054
0058
0066
01ff
01ff
005c
0059
005d
0063
005f
01ff
01ff
01ff
01ff
01ff
005c
0059
005d
005f
01ff
01ff
0060
0055
0061
005b
004a
01ff
01ff
01ff
01ff
01ff
0060
0055
0061
004a
01ff
01ff
0062
005a
0063
004c
004a
01ff
01ff
01ff
01ff
01ff
0062
005a
0063
004a
01ff
01ff
0064
005e
005b
004a
004b
01ff
01ff
01ff
01ff
01ff
0064
005e
005b
004b
01ff
01ff
0067
0065
005f
004b
004e
01ff
01ff
01ff
01ff
01ff
0067
0065
005f
004e
01ff
01ff
006a
0068
006b
004e
0001
01ff
01ff
01ff
01ff
01ff
006a
0068
006b
0001
01ff
01ff
0057
0054
0058
0061
0066
0057
0054
0058
0061
0066
01ff
01ff
01ff
01ff
01ff
0243
06c8
072e
9afb
0061
0200
0ff9
0601
0243
0724
072a
9ea3
009c
0200
0ffa
0602
0243
0720
06fe
a16e
0078
3200
0ffa
0603
0011
06f4
26f7
b4c2
0012
728f
2f02
0604
000a
0702
26ff
aac6
000a
7200
2f01
0605
000a
06fc
2707
b1bc
0006
7200
2f01
0606
000a
0702
2700
aac6
000a
3200
2f01
0607
000a
06fc
26f8
b1bc
0006
3200
2f01
0608
000a
06fd
26ff
aac6
000a
6200
2f01
0609
000a
0703
2707
b1bc
0006
6200
2f01
060a
000a
06fd
2700
aac6
000a
2200
2f01
060b
000a
0703
26f8
b1bc
0006
2200
2f01
060c
0011
06fd
26ff
b4fd
0002
7400
2f01
060d
0011
0702
26ff
b4fd
0002
4400
2f01
060e
0011
06fc
2700
b4fd
0002
7400
2f01
060f
0011
0703
2700
b4fd
0002
4400
2f01
0610
0011
06fc
26ff
b501
0002
3400
2fff
0611
0011
0703
26ff
b501
0002
0400
2fff
0612
0011
0702
2701
b4fd
0003
4333
2f01
0613
0011
06fd
2701
b4fd
0003
7333
2f01
0614
0011
0702
26fe
b501
0003
0333
2fff
0615
0011
06fd
26fe
b501
0003
3333
2fff
0616
0011
06fb
2702
b4fd
0003
7333
2f01
0617
0011
06fb
26fd
b501
0003
3333
2fff
0618
0049
06fc
36ff
0f94
0003
7400
2f01
0619
0011
06fe
26ff
b4fd
0003
7333
2f01
061a
0011
0701
26ff
b4fd
0003
4333
2f01
061b
0011
0700
26ff
b4fd
0003
7333
2f01
061c
0011
06ff
26ff
b4fd
0003
4333
2f01
061d
0011
0700
2701
b4fd
0003
7333
2f01
061e
0011
0700
2701
b4fd
0003
4333
2f01
061f
0011
0700
26fe
b501
0003
3333
2fff
0620
0011
0700
26fe
b501
0003
0333
2fff
0621
0011
06fd
2704
b4fd
0003
7333
2f01
0622
0011
06fd
26fc
b501
0003
3333
2fff
0623
0011
0702
26fc
b501
0003
0333
2fff
0624
0011
0702
2704
b4fd
0003
4333
2f01
0625
0011
06fb
2704
b4fd
0003
7333
2f01
0626
0011
06fb
26fb
b501
0003
3333
2fff
0627
0011
0700
2704
b4fd
0003
7333
2f01
0628
0011
0700
26fc
b501
0003
3333
2fff
0629
0011
0700
26fc
b501
0003
0333
2fff
062a
0011
0700
2704
b4fd
0003
4333
2f01
062b
0011
0701
2705
b4fd
0003
7333
2f01
062c
0011
0701
26fa
b501
0003
3333
2fff
062d
0011
06fe
26fa
b501
0003
0333
2fff
062e
0011
06fe
2705
b4fd
0003
4333
2f01
062f
0011
0702
2702
b4fd
0003
7333
2f01
0630
0011
0702
26fd
b501
0003
3333
2fff
0631
0011
06fd
26fd
b501
0003
0333
2fff
0632
0011
06fd
2702
b4fd
0003
4333
2f01
0633
0011
06fe
2706
b4fd
0003
7333
2f01
0634
0011
0701
2706
b4fd
0003
4333
2f01
0635
0011
06fe
26f9
b501
0003
3333
2fff
0636
0011
0701
26f9
b501
0003
0333
2fff
0637
0011
06fc
2706
b4fd
0003
7333
2f01
0638
0011
06fc
26f9
b501
0003
3333
2fff
0639
0011
0703
26f9
b501
0003
0333
2fff
063a
0011
0703
2706
b4fd
0003
4333
2f01
063b
0011
0702
26ff
b501
0003
3333
2fff
063c
0011
0702
26ff
b4fd
0003
7333
2f01
063d
0011
0702
2701
b4fd
0003
7333
2f01
063e
0011
06fe
26ff
b501
0003
0333
2fff
063f
0011
06fd
26ff
b4fd
0003
4333
2f01
0640
0011
06fe
2701
b4fd
0003
4333
2f01
0641
0026
06fe
36fd
07fb
0004
3200
2fff
0642
0018
06fe
3704
07fb
0004
7200
2fff
0643
0034
0702
36fd
07fb
0004
2200
2fff
0644
002d
0701
3704
07fb
0004
6200
2fff
0645
003b
06fc
36fa
0975
0003
3200
2fff
0646
0042
06fa
3704
0973
0003
7200
2f01
0647
0042
0702
36fe
0973
0003
0200
2f01
0648
003b
0704
3703
0973
0003
4200
2f01
0649
0042
06f8
36fa
0975
0003
3200
2fff
064a
0034
0705
36fd
0975
0003
2200
2fff
064b
003b
06f8
3705
0973
0003
7200
2f01
064c
0114
0702
3700
6975
0003
4200
2fff
064d
011b
06fe
36fd
6975
0003
3200
2fff
064e
0114
0704
36fa
6975
0003
2200
2fff
064f
011b
06fb
3706
6975
0003
5200
2fff
0650
0194
0727
46f5
e845
0007
3333
2d03
0651
0194
073e
46f5
e845
0007
3333
2d03
0652
0194
0754
46f5
e845
0007
3333
2d03
0653
0194
06ab
470e
e847
0007
4333
2d03
0654
0194
06c1
470e
e847
0007
4333
2d03
0655
0194
06d8
470e
e847
0007
4333
2d03
0656
0194
06ee
470e
e847
0007
4333
2d03
0657
0194
0704
470e
e847
0007
4333
2d03
0658
0194
06fb
470e
e845
0007
7333
2d03
0659
0194
0711
470e
e845
0007
7333
2d03
065a
0194
0727
470e
e845
0007
7333
2d03
065b
0194
073e
470e
e845
0007
7333
2d03
065c
0194
0754
470e
e845
0007
7333
2d03
065d
018d
076c
06ef
49f9
0023
7333
2d02
065e
018d
0779
06ee
5172
0024
7333
2d02
065f
018d
0785
06ee
5172
0024
7333
2d02
0660
018d
0792
06ef
49fa
0023
5333
2d02
0661
018d
0693
06ef
49f9
0023
6333
2d02
0662
018d
0686
06ee
5172
0024
6333
2d02
0663
018d
067a
06ee
5172
0024
6333
2d02
0664
018d
066d
06ef
49fa
0023
4333
2d02
0665
0194
06ab
46f5
e847
0007
0333
2d03
0666
0194
06c1
46f5
e847
0007
0333
2d03
0667
0194
06d8
46f5
e847
0007
0333
2d03
0668
0194
06ee
46f5
e847
0007
0333
2d03
0669
0194
0704
46f5
e847
0007
0333
2d03
066a
0194
06fb
46f5
e845
0007
3333
2d03
066b
0194
0711
46f5
e845
0007
3333
2d03
066c
0186
069a
070f
587a
000d
431f
2c0e
066d
0186
06d1
070f
587a
000d
431f
2c0e
066e
0186
0708
070f
587a
000d
431f
2c0e
066f
0186
06f8
070f
586d
000d
731f
2c0e
0670
0186
072f
070f
586d
000d
731f
2c0e
0671
0186
0766
070f
586d
000d
731f
2c0e
0672
017f
069a
06f0
5992
000d
031f
2cf2
0673
017f
06d1
06f0
5992
000d
031f
2cf2
0674
017f
0708
06f0
5992
000d
031f
2cf2
0675
017f
06f8
06f0
5985
000d
331f
2cf2
0676
017f
072f
06f0
5985
000d
331f
2cf2
0677
017f
0766
06f0
5985
000d
331f
2cf2
0678
0196
0677
5704
88f3
000f
630c
2c04
0679
0196
072d
5704
88f3
000f
730c
2c04
067a
0186
0695
0710
587a
000d
42fa
2c0e
067b
0186
06cf
0710
587a
000d
42fa
2c0e
067c
0186
0709
0710
587a
000d
42fa
2c0e
067d
0186
06f7
0710
586d
000d
72fa
2c0e
067e
0186
0731
0710
586d
000d
72fa
2c0e
067f
0186
076b
0710
586d
000d
72fa
2c0e
0680
017f
0695
06ef
5992
000d
02fa
2cf2
0681
017f
06cf
06ef
5992
000d
02fa
2cf2
0682
017f
0709
06ef
5992
000d
02fa
2cf2
0683
017f
06f7
06ef
5985
000d
32fa
2cf2
0684
017f
0731
06ef
5985
000d
32fa
2cf2
0685
017f
076b
06ef
5985
000d
32fa
2cf2
0686
021d
06f5
4711
eb06
0001
72e9
0b02
0687
0196
06d5
5704
88f3
0010
62d8
2b04
0688
0196
0753
5704
88f3
0010
72d8
2b04
0689
0186
068f
0711
587a
000e
42c8
2b0e
068a
0186
06cc
0711
587a
000e
42c8
2b0e
068b
0186
0709
0711
587a
000e
42c8
2b0e
068c
0186
06f6
0711
586d
000e
72c8
2b0e
068d
0186
0733
0711
586d
000e
72c8
2b0e
068e
0186
0770
0711
586d
000e
72c8
2b0e
068f
017f
068f
06ee
5992
000e
02c8
2bf2
0690
017f
06cc
06ee
5992
000e
02c8
2bf2
0691
017f
0709
06ee
5992
000e
02c8
2bf2
0692
017f
06f6
06ee
5985
000e
32c8
2bf2
0693
017f
0733
06ee
5985
000e
32c8
2bf2
0694
017f
0770
06ee
5985
000e
32c8
2bf2
0695
0196
06f2
5704
88f3
0011
62b9
2b04
0696
0196
070e
5704
88f3
0011
72b9
2b04
0697
0186
0688
0712
587a
000f
429d
2a0e
0698
0186
06c9
0712
587a
000f
429d
2a0e
0699
0186
070a
0712
587a
000f
429d
2a0e
069a
0186
06f6
0712
586d
000f
729d
2a0e
069b
0186
0737
0712
586d
000f
729d
2a0e
069c
0186
0778
0712
586d
000f
729d
2a0e
069d
017f
0688
06ed
5992
000f
029d
2af2
069e
017f
06c9
06ed
5992
000f
029d
2af2
069f
017f
070a
06ed
5992
000f
029d
2af2
06a0
017f
06f6
06ed
5985
000f
329d
2af2
06a1
017f
0737
06ed
5985
000f
329d
2af2
06a2
017f
0778
06ed
5985
000f
329d
2af2
06a3
021d
06f4
4713
eb06
0001
728f
0a02
06a4
0196
068e
5704
88f3
0012
628f
2a04
06a5
0196
0784
5704
88f3
0012
728f
2a04
06a6
0186
0681
0713
587a
0010
4276
2a0e
06a7
0186
06c6
0713
587a
0010
4276
2a0e
06a8
0186
070b
0713
587a
0010
4276
2a0e
06a9
0186
06f5
0713
586d
0010
7276
2a0e
06aa
0186
073a
0713
586d
0010
7276
2a0e
06ab
0186
077f
0713
586d
0010
7276
2a0e
06ac
017f
0681
06ec
5992
0010
0276
2af2
06ad
017f
06c6
06ec
5992
0010
0276
2af2
06ae
017f
070b
06ec
5992
0010
0276
2af2
06af
017f
06f5
06ec
5985
0010
3276
2af2
06b0
017f
073a
06ec
5985
0010
3276
2af2
06b1
017f
077f
06ec
5985
0010
3276
2af2
06b2
0196
06f0
5704
8aa6
0014
6276
2a03
06b3
0196
06bc
5705
88f3
0013
626a
2904
06b4
0196
077a
5705
88f3
0013
726a
2904
06b5
0185
0677
0715
587a
0011
4254
290e
06b6
0185
06c1
0715
587a
0011
4254
290e
06b7
0185
070b
0715
587a
0011
4254
290e
06b8
0185
06f4
0715
586d
0011
7254
290e
06b9
0185
073e
0715
586d
0011
7254
290e
06ba
0185
0788
0715
586d
0011
7254
290e
06bb
017e
0677
06ea
5992
0011
0254
29f2
06bc
017e
06c1
06ea
5992
0011
0254
29f2
06bd
017e
070b
06ea
5992
0011
0254
29f2
06be
017e
06f4
06ea
5985
0011
3254
29f2
06bf
017e
073e
06ea
5985
0011
3254
29f2
06c0
017e
0788
06ea
5985
0011
3254
29f2
06c1
021d
06f2
4716
eb06
0001
7249
0902
06c2
0196
06fb
5705
88f3
0015
623f
2904
06c3
0196
0749
5705
88f3
0015
723f
2904
06c4
0185
066e
0716
587a
0012
422b
280e
06c5
0185
06bd
0716
587a
0012
422b
280e
06c6
0185
070c
0716
587a
0012
422b
280e
06c7
0185
06f4
0716
586d
0012
722b
280e
06c8
0185
0743
0716
586d
0012
722b
280e
06c9
0185
0792
0716
586d
0012
722b
280e
06ca
017e
066e
06e9
5992
0012
022b
28f2
06cb
017e
06bd
06e9
5992
0012
022b
28f2
06cc
017e
070c
06e9
5992
0012
022b
28f2
06cd
017e
06f4
06e9
5985
0012
322b
28f2
06ce
017e
0743
06e9
5985
0012
322b
28f2
06cf
017e
0792
06e9
5985
0012
322b
28f2
06d0
0196
06e2
5705
88f3
0017
6211
2804
06d1
0196
0711
5705
88f3
0017
7211
2804
06d2
0185
0661
0718
587a
0014
4200
280e
06d3
0185
06b7
0718
587a
0014
4200
280e
06d4
0185
070d
0718
587a
0014
4200
280e
06d5
0185
06f2
0718
586d
0014
7200
280e
06d6
0185
0748
0718
586d
0014
7200
280e
06d7
0185
079e
0718
586d
0014
7200
280e
06d8
017e
0661
06e7
5992
0014
0200
28f2
06d9
017e
06b7
06e7
5992
0014
0200
28f2
06da
017e
070d
06e7
5992
0014
0200
28f2
06db
017e
06f2
06e7
5985
0014
3200
28f2
06dc
017e
0748
06e7
5985
0014
3200
28f2
06dd
017e
079e
06e7
5985
0014
3200
28f2
06de
021d
06f4
471a
eafd
0001
73e1
0803
06df
0196
06e7
5706
87d3
0019
63d2
2806
06e0
0196
0770
5706
87d3
0019
73d2
2806
06e1
0184
0650
0719
545c
0016
43a8
271a
06e2
0184
06ad
0719
545c
0016
43a8
271a
06e3
0184
070a
0719
545c
0016
43a8
271a
06e4
0184
06f6
0719
5443
0016
73a8
271a
06e5
0184
0753
0719
5443
0016
73a8
271a
06e6
0184
07b0
0719
5443
0016
73a8
271a
06e7
017d
0650
06e6
5879
0016
03a8
27e6
06e8
017d
06ad
06e6
5879
0016
03a8
27e6
06e9
017d
070a
06e6
5879
0016
03a8
27e6
06ea
017d
06f6
06e6
5860
0016
33a8
27e6
06eb
017d
0753
06e6
5860
0016
33a8
27e6
06ec
017d
07b0
06e6
5860
0016
33a8
27e6
06ed
0196
06b7
5706
87d3
001b
6382
2706
06ee
0196
073a
5706
87d3
001b
7382
2706
06ef
0184
06a5
071c
545c
0018
435e
271a
06f0
0184
070b
071c
545c
0018
435e
271a
06f1
0184
06f5
071c
5443
0018
735e
271a
06f2
0184
075b
071c
5443
0018
735e
271a
06f3
017d
06a5
06e3
5879
0018
035e
27e6
06f4
017d
070b
06e3
5879
0018
035e
27e6
06f5
017d
06f5
06e3
5860
0018
335e
27e6
06f6
017d
075b
06e3
5860
0018
335e
27e6
06f7
0196
0728
5706
8974
001f
7333
2606
06f8
021d
06f1
471f
eafd
0001
7333
0603
06f9
0183
069c
071f
545c
001a
430c
261a
06fa
0183
070c
071f
545c
001a
430c
261a
06fb
0183
06f3
071f
5443
001a
730c
261a
06fc
0183
0763
071f
5443
001a
730c
261a
06fd
017c
069c
06e0
5879
001a
030c
26e6
06fe
017c
070c
06e0
5879
001a
030c
26e6
06ff
017c
06f3
06e0
5860
001a
330c
26e6
0700
017c
0763
06e0
5860
001a
330c
26e6
0701
0196
076a
5708
87d3
0021
72e0
2606
0702
0182
0690
0722
545c
001e
42b9
251a
0703
0182
070d
0722
545c
001e
42b9
251a
0704
0182
06f2
0722
5443
001e
72b9
251a
0705
0182
076f
0722
5443
001e
72b9
251a
0706
017b
0690
06dd
5879
001e
02b9
25e6
0707
017b
070d
06dd
5879
001e
02b9
25e6
0708
017b
06f2
06dd
5860
001e
32b9
25e6
0709
017b
076f
06dd
5860
001e
32b9
25e6
070a
021d
06ee
4725
eafd
0002
729d
0503
070b
0196
0693
5709
87d3
0025
6296
2506
070c
0196
07c4
5709
87d3
0025
7296
2506
070d
0182
0682
0727
545c
0021
426a
251a
070e
0182
070f
0727
545c
0021
426a
251a
070f
0182
06f0
0727
5443
0021
726a
251a
0710
0182
077d
0727
5443
0021
726a
251a
0711
017b
0682
06d8
5879
0021
026a
25e6
0712
017b
070f
06d8
5879
0021
026a
25e6
0713
017b
06f0
06d8
5860
0021
326a
25e6
0714
017b
077d
06d8
5860
0021
326a
25e6
0715
0196
06d1
570a
87d3
002a
6244
2406
0716
0196
072e
570a
87d3
002a
7244
2406
0717
0181
0711
072d
545c
0027
4219
241a
0718
0181
06ee
072d
5443
0027
7219
241a
0719
017a
0711
06d2
5879
0027
0219
24e6
071a
017a
06ee
06d2
5860
0027
3219
24e6
071b
021d
06f0
4732
eae5
0003
73e1
0404
071c
0181
0714
0735
545c
002d
41ca
231a
071d
0181
06eb
0735
5443
002d
71ca
231a
071e
017a
0714
06ca
5879
002d
01ca
23e6
071f
017a
06eb
06ca
5860
002d
31ca
23e6
0720
0196
06d3
570b
8974
0038
61ca
2306
0721
0181
0719
0740
545c
0037
4178
231a
0722
0181
06e6
0740
5443
0037
7178
231a
0723
017a
0719
06bf
5879
0037
0178
23e6
0724
017a
06e6
06bf
5860
0037
3178
23e6
0725
021d
06e8
474a
eae5
0004
72a4
0304
0726
0196
06d6
5711
87d3
0049
6150
2306
0727
0180
0721
0751
545c
0046
4128
221a
0728
0180
06df
0751
5443
0046
7128
221a
0729
0179
0721
06ae
5879
0046
0128
22e6
072a
0179
06df
06ae
5860
0046
3128
22e6
072b
0195
069f
4732
e875
0037
71e1
220c
072c
0196
0768
5716
87d3
0060
7100
2206
072d
0180
072c
076f
545c
0061
40d8
221a
072e
0180
06d3
076f
5443
0061
70d8
221a
072f
0179
072c
0690
5879
0061
00d8
22e6
0730
0179
06d3
0690
5860
0061
30d8
22e6
0731
021d
06d2
478d
eae5
0008
7160
0104
0732
8000
0000
0000
0000
0000
0000
0000
0733
0000
0000
0000
0000
0000
0000
0000
0734
0000
0000
0000
0000
0000
0000
0000
0735
0000
0000
0000
0000
0000
0000
0000
0736
0000
0000
0000
0000
0000
0000
0000
0737
0000
0000
0000
0000
0000
0000
0000
0738
0000
0000
0000
0000
0000
0000
0000
0739
0000
0000
0000
0000
0000
0000
0000
073a
0000
0000
0000
0000
0000
0000
0000
073b
0000
0000
0000
0000
0000
0000
0000
073c
0000
0000
0000
0000
0000
0000
0000
073d
0000
0000
0000
0000
0000
0000
0000
073e
0000
0000
0000
0000
0000
0000
0000
073f
0000
0000
0000
0000
0000
0000
0000
0740
0000
0000
0000
0000
0000
0000
0000
0741
0000
0000
0000
0000
0000
0000
0000
0742
0000
0000
0000
0000
0000
0000
0000
0743
0000
0000
0000
0000
0000
0000
0000
0744
0000
0000
0000
0000
0000
0000
0000
0745
0000
0000
0000
0000
0000
0000
0000
0746
0000
0000
0000
0000
0000
0000
0000
0747
0000
0000
0000
0000
0000
0000
0000
0748
0000
0000
0000
0000
0000
0000
0000
0749
0000
0000
0000
0000
0000
0000
0000
074a
0000
0000
0000
0000
0000
0000
0000
074b
0000
0000
0000
0000
0000
0000
0000
074c
0000
0000
0000
0000
0000
0000
0000
074d
0000
0000
0000
0000
0000
0000
0000
074e
0000
0000
0000
0000
0000
0000
0000
074f
0000
0000
0000
0000
0000
0000
0000
0750
0000
0000
0000
0000
0000
0000
0000
0751
0000
0000
0000
0000
0000
0000
0000
0752
0000
0000
0000
0000
0000
0000
0000
0753
0000
0000
0000
0000
0000
0000
0000
0754
0000
0000
0000
0000
0000
0000
0000
0755
0000
0000
0000
0000
0000
0000
0000
0756
0000
0000
0000
0000
0000
0000
0000
0757
0000
0000
0000
0000
0000
0000
0000
0758
0000
0000
0000
0000
0000
0000
0000
0759
0000
0000
0000
0000
0000
0000
0000
075a
0000
0000
0000
0000
0000
0000
0000
075b
0000
0000
0000
0000
0000
0000
0000
075c
0000
0000
0000
0000
0000
0000
0000
075d
0000
0000
0000
0000
0000
0000
0000
075e
0000
0000
0000
0000
0000
0000
0000
075f
0000
0000
0000
0000
0000
0000
0000
0760
0000
0000
0000
0000
0000
0000
0000
0761
0000
0000
0000
0000
0000
0000
0000
0762
0000
0000
0000
0000
0000
0000
0000
0763
0000
0000
0000
0000
0000
0000
0000
0764
0000
0000
0000
0000
0000
0000
0000
0765
0000
0000
0000
0000
0000
0000
0000
0766
0000
0000
0000
0000
0000
0000
0000
0767
0000
0000
0000
0000
0000
0000
0000
0768
0000
0000
0000
0000
0000
0000
0000
0769
0000
0000
0000
0000
0000
0000
0000
076a
0000
0000
0000
0000
0000
0000
0000
076b
0000
0000
0000
0000
0000
0000
0000
076c
0000
0000
0000
0000
0000
0000
0000
076d
0000
0000
0000
0000
0000
0000
0000
076e
0000
0000
0000
0000
0000
0000
0000
076f
0000
0000
0000
0000
0000
0000
0000
0770
0000
0000
0000
0000
0000
0000
0000
0771
0000
0000
0000
0000
0000
0000
0000
0772
0000
0000
0000
0000
0000
0000
0000
0773
0000
0000
0000
0000
0000
0000
0000
0774
0000
0000
0000
0000
0000
0000
0000
0775
0000
0000
0000
0000
0000
0000
0000
0776
0000
0000
0000
0000
0000
0000
0000
0777
0000
0000
0000
0000
0000
0000
0000
0778
0000
0000
0000
0000
0000
0000
0000
0779
0000
0000
0000
0000
0000
0000
0000
077a
0000
0000
0000
0000
0000
0000
0000
077b
0000
0000
0000
0000
0000
0000
0000
077c
0000
0000
0000
0000
0000
0000
0000
077d
0000
0000
0000
0000
0000
0000
0000
077e
0000
0000
0000
0000
0000
0000
0000
077f
0000
0000
0000
0000
0000
0000
0000
0780
0000
0000
0000
0000
0000
0000
0000
0781
0000
0000
0000
0000
0000
0000
0000
0782
0000
0000
0000
0000
0000
0000
0000
0783
0000
0000
0000
0000
0000
0000
0000
0784
0000
0000
0000
0000
0000
0000
0000
0785
0000
0000
0000
0000
0000
0000
0000
0786
0000
0000
0000
0000
0000
0000
0000
0787
0000
0000
0000
0000
0000
0000
0000
0788
0000
0000
0000
0000
0000
0000
0000
0789
0000
0000
0000
0000
0000
0000
0000
078a
0000
0000
0000
0000
0000
0000
0000
078b
0000
0000
0000
0000
0000
0000
0000
078c
0000
0000
0000
0000
0000
0000
0000
078d
0000
0000
0000
0000
0000
0000
0000
078e
0000
0000
0000
0000
0000
0000
0000
078f
0000
0000
0000
0000
0000
0000
0000
0790
0000
0000
0000
0000
0000
0000
0000
0791
0000
0000
0000
0000
0000
0000
0000
0792
0000
0000
0000
0000
0000
0000
0000
0793
0000
0000
0000
0000
0000
0000
0000
0794
0000
0000
0000
0000
0000
0000
0000
0795
0000
0000
0000
0000
0000
0000
0000
0796
0000
0000
0000
0000
0000
0000
0000
0797
0000
0000
0000
0000
0000
0000
0000
0798
0000
0000
0000
0000
0000
0000
0000
0799
0000
0000
0000
0000
0000
0000
0000
079a
0000
0000
0000
0000
0000
0000
0000
079b
0000
0000
0000
0000
0000
0000
0000
079c
0000
0000
0000
0000
0000
0000
0000
079d
0000
0000
0000
0000
0000
0000
0000
079e
0000
0000
0000
0000
0000
0000
0000
079f
0000
0000
0000
0000
0000
0000
0000
07a0
0000
0000
0000
0000
0000
0000
0000
07a1
0000
0000
0000
0000
0000
0000
0000
07a2
0000
0000
0000
0000
0000
0000
0000
07a3
0000
0000
0000
0000
0000
0000
0000
07a4
0000
0000
0000
0000
0000
0000
0000
07a5
0000
0000
0000
0000
0000
0000
0000
07a6
0000
0000
0000
0000
0000
0000
0000
07a7
0000
0000
0000
0000
0000
0000
0000
07a8
0000
0000
0000
0000
0000
0000
0000
07a9
0000
0000
0000
0000
0000
0000
0000
07aa
0000
0000
0000
0000
0000
0000
0000
07ab
0000
0000
0000
0000
0000
0000
0000
07ac
0000
0000
0000
0000
0000
0000
0000
07ad
0000
0000
0000
0000
0000
0000
0000
07ae
0000
0000
0000
0000
0000
0000
0000
07af
0000
0000
0000
0000
0000
0000
0000
07b0
0000
0000
0000
0000
0000
0000
0000
07b1
0000
0000
0000
0000
0000
0000
0000
07b2
0000
0000
0000
0000
0000
0000
0000
07b3
0000
0000
0000
0000
0000
0000
0000
07b4
0000
0000
0000
0000
0000
0000
0000
07b5
0000
0000
0000
0000
0000
0000
0000
07b6
0000
0000
0000
0000
0000
0000
0000
07b7
0000
0000
0000
0000
0000
0000
0000
07b8
0000
0000
0000
0000
0000
0000
0000
07b9
0000
0000
0000
0000
0000
0000
0000
07ba
0000
0000
0000
0000
0000
0000
0000
07bb
0000
0000
0000
0000
0000
0000
0000
07bc
0000
0000
0000
0000
0000
0000
0000
07bd
0000
0000
0000
0000
0000
0000
0000
07be
0000
0000
0000
0000
0000
0000
0000
07bf
0000
0000
0000
0000
0000
0000
0000
07c0
0000
0000
0000
0000
0000
0000
0000
07c1
0000
0000
0000
0000
0000
0000
0000
07c2
0000
0000
0000
0000
0000
0000
0000
07c3
0000
0000
0000
0000
0000
0000
0000
07c4
0000
0000
0000
0000
0000
0000
0000
07c5
0000
0000
0000
0000
0000
0000
0000
07c6
0000
0000
0000
0000
0000
0000
0000
07c7
0000
0000
0000
0000
0000
0000
0000
07c8
0000
0000
0000
0000
0000
0000
0000
07c9
0000
0000
0000
0000
0000
0000
0000
07ca
0000
0000
0000
0000
0000
0000
0000
07cb
0000
0000
0000
0000
0000
0000
0000
07cc
0000
0000
0000
0000
0000
0000
0000
07cd
0000
0000
0000
0000
0000
0000
0000
07ce
0000
0000
0000
0000
0000
0000
0000
07cf
0000
0000
0000
0000
0000
0000
0000
07d0
0000
0000
0000
0000
0000
0000
0000
07d1
0000
0000
0000
0000
0000
0000
0000
07d2
0000
0000
0000
0000
0000
0000
0000
07d3
0000
0000
0000
0000
0000
0000
0000
07d4
0000
0000
0000
0000
0000
0000
0000
07d5
0000
0000
0000
0000
0000
0000
0000
07d6
0000
0000
0000
0000
0000
0000
0000
07d7
0000
0000
0000
0000
0000
0000
0000
07d8
0000
0000
0000
0000
0000
0000
0000
07d9
0000
0000
0000
0000
0000
0000
0000
07da
0000
0000
0000
0000
0000
0000
0000
07db
0000
0000
0000
0000
0000
0000
0000
07dc
0000
0000
0000
0000
0000
0000
0000
07dd
0000
0000
0000
0000
0000
0000
0000
07de
0000
0000
0000
0000
0000
0000
0000
07df
0000
0000
0000
0000
0000
0000
0000
07e0
0000
0000
0000
0000
0000
0000
0000
07e1
0000
0000
0000
0000
0000
0000
0000
07e2
0000
0000
0000
0000
0000
0000
0000
07e3
0000
0000
0000
0000
0000
0000
0000
07e4
0000
0000
0000
0000
0000
0000
0000
07e5
0000
0000
0000
0000
0000
0000
0000
07e6
0000
0000
0000
0000
0000
0000
0000
07e7
0000
0000
0000
0000
0000
0000
0000
07e8
0000
0000
0000
0000
0000
0000
0000
07e9
0000
0000
0000
0000
0000
0000
0000
07ea
0000
0000
0000
0000
0000
0000
0000
07eb
0000
0000
0000
0000
0000
0000
0000
07ec
0000
0000
0000
0000
0000
0000
0000
07ed
0000
0000
0000
0000
0000
0000
0000
07ee
0000
0000
0000
0000
0000
0000
0000
07ef
0000
0000
0000
0000
0000
0000
0000
07f0
0000
0000
0000
0000
0000
0000
0000
07f1
0000
0000
0000
0000
0000
0000
0000
07f2
0000
0000
0000
0000
0000
0000
0000
07f3
0000
0000
0000
0000
0000
0000
0000
07f4
0000
0000
0000
0000
0000
0000
0000
07f5
0000
0000
0000
0000
0000
0000
0000
07f6
0000
0000
0000
0000
0000
0000
0000
07f7
0000
0000
0000
0000
0000
0000
0000
07f8
0000
0000
0000
0000
0000
0000
0000
07f9
0000
0000
0000
0000
0000
0000
0000
07fa
0000
0000
0000
0000
0000
0000
0000
07fb
0000
0000
0000
0000
0000
0000
0000
07fc
0000
0000
0000
0000
0000
0000
0000
07fd
0000
0000
0000
0000
0000
0000
0000
07fe
0000
0000
0000
0000
0000
0000
0000
07ff
0000
0000
0000
0000
0000
0000
0000
0800
0000
0000
0000
0000
0000
0000
0000
0801
0000
0000
0000
0000
0000
0000
0000
0802
0000
0000
0000
0000
0000
0000
0000
0803
0000
0000
0000
0000
0000
0000
0000
0804
0000
0000
0000
0000
0000
0000
0000
0805
0000
0000
0000
0000
0000
0000
0000
0806
0000
0000
0000
0000
0000
0000
0000
0807
0000
0000
0000
0000
0000
0000
0000
0808
0000
0000
0000
0000
0000
0000
0000
0809
0000
0000
0000
0000
0000
0000
0000
080a
0000
0000
0000
0000
0000
0000
0000
080b
0000
0000
0000
0000
0000
0000
0000
080c
0000
0000
0000
0000
0000
0000
0000
080d
0000
0000
0000
0000
0000
0000
0000
080e
0000
0000
0000
0000
0000
0000
0000
080f
0000
0000
0000
0000
0000
0000
0000
0810
0000
0000
0000
0000
0000
0000
0000
0811
0000
0000
0000
0000
0000
0000
0000
0812
0000
0000
0000
0000
0000
0000
0000
0813
0000
0000
0000
0000
0000
0000
0000
0814
0000
0000
0000
0000
0000
0000
0000
0815
0000
0000
0000
0000
0000
0000
0000
0816
0000
0000
0000
0000
0000
0000
0000
0817
0000
0000
0000
0000
0000
0000
0000
0818
0000
0000
0000
0000
0000
0000
0000
0819
0000
0000
0000
0000
0000
0000
0000
081a
0000
0000
0000
0000
0000
0000
0000
081b
0000
0000
0000
0000
0000
0000
0000
081c
0000
0000
0000
0000
0000
0000
0000
081d
0000
0000
0000
0000
0000
0000
0000
081e
0000
0000
0000
0000
0000
0000
0000
081f
0000
0000
0000
0000
0000
0000
0000
0820
0000
0000
0000
0000
0000
0000
0000
0821
0000
0000
0000
0000
0000
0000
0000
0822
0000
0000
0000
0000
0000
0000
0000
0823
0000
0000
0000
0000
0000
0000
0000
0824
0000
0000
0000
0000
0000
0000
0000
0825
0000
0000
0000
0000
0000
0000
0000
0826
0000
0000
0000
0000
0000
0000
0000
0827
0000
0000
0000
0000
0000
0000
0000
0828
0000
0000
0000
0000
0000
0000
0000
0829
0000
0000
0000
0000
0000
0000
0000
082a
0000
0000
0000
0000
0000
0000
0000
082b
0000
0000
0000
0000
0000
0000
0000
082c
0000
0000
0000
0000
0000
0000
0000
082d
0000
0000
0000
0000
0000
0000
0000
082e
0000
0000
0000
0000
0000
0000
0000
082f
0000
0000
0000
0000
0000
0000
0000
0830
0000
0000
0000
0000
0000
0000
0000
0831
0000
0000
0000
0000
0000
0000
0000
0832
0000
0000
0000
0000
0000
0000
0000
0833
0000
0000
0000
0000
0000
0000
0000
0834
0000
0000
0000
0000
0000
0000
0000
0835
0000
0000
0000
0000
0000
0000
0000
0836
0000
0000
0000
0000
0000
0000
0000
0837
0000
0000
0000
0000
0000
0000
0000
0838
0000
0000
0000
0000
0000
0000
0000
0839
0000
0000
0000
0000
0000
0000
0000
083a
0000
0000
0000
0000
0000
0000
0000
083b
0000
0000
0000
0000
0000
0000
0000
083c
0000
0000
0000
0000
0000
0000
0000
083d
0000
0000
0000
0000
0000
0000
0000
083e
0000
0000
0000
0000
0000
0000
0000
083f
0000
0000
0000
0000
0000
0000
0000
0840
0000
0000
0000
0000
0000
0000
0000
0841
0000
0000
0000
0000
0000
0000
0000
0842
0000
0000
0000
0000
0000
0000
0000
0843
0000
0000
0000
0000
0000
0000
0000
0844
0000
0000
0000
0000
0000
0000
0000
0845
0000
0000
0000
0000
0000
0000
0000
0846
0000
0000
0000
0000
0000
0000
0000
0847
0000
0000
0000
0000
0000
0000
0000
0848
0000
0000
0000
0000
0000
0000
0000
0849
0000
0000
0000
0000
0000
0000
0000
084a
0000
0000
0000
0000
0000
0000
0000
084b
0000
0000
0000
0000
0000
0000
0000
084c
0000
0000
0000
0000
0000
0000
0000
084d
0000
0000
0000
0000
0000
0000
0000
084e
0000
0000
0000
0000
0000
0000
0000
084f
0000
0000
0000
0000
0000
0000
0000
0850
0000
0000
0000
0000
0000
0000
0000
0851
0000
0000
0000
0000
0000
0000
0000
0852
0000
0000
0000
0000
0000
0000
0000
0853
0000
0000
0000
0000
0000
0000
0000
0854
0000
0000
0000
0000
0000
0000
0000
0855
0000
0000
0000
0000
0000
0000
0000
0856
0000
0000
0000
0000
0000
0000
0000
0857
0000
0000
0000
0000
0000
0000
0000
0858
0000
0000
0000
0000
0000
0000
0000
0859
0000
0000
0000
0000
0000
0000
0000
085a
0000
0000
0000
0000
0000
0000
0000
085b
0000
0000
0000
0000
0000
0000
0000
085c
0000
0000
0000
0000
0000
0000
0000
085d
0000
0000
0000
0000
0000
0000
0000
085e
0000
0000
0000
0000
0000
0000
0000
085f
0000
0000
0000
0000
0000
0000
0000
0860
0000
0000
0000
0000
0000
0000
0000
0861
0000
0000
0000
0000
0000
0000
0000
0862
0000
0000
0000
0000
0000
0000
0000
0863
0000
0000
0000
0000
0000
0000
0000
0864
0000
0000
0000
0000
0000
0000
0000
0865
0000
0000
0000
0000
0000
0000
0000
0866
0000
0000
0000
0000
0000
0000
0000
0867
0000
0000
0000
0000
0000
0000
0000
0868
0000
0000
0000
0000
0000
0000
0000
0869
0000
0000
0000
0000
0000
0000
0000
086a
0000
0000
0000
0000
0000
0000
0000
086b
0000
0000
0000
0000
0000
0000
0000
086c
0000
0000
0000
0000
0000
0000
0000
086d
0000
0000
0000
0000
0000
0000
0000
086e
0000
0000
0000
0000
0000
0000
0000
086f
0000
0000
0000
0000
0000
0000
0000
0870
0000
0000
0000
0000
0000
0000
0000
0871
0000
0000
0000
0000
0000
0000
0000
0872
0000
0000
0000
0000
0000
0000
0000
0873
0000
0000
0000
0000
0000
0000
0000
0874
0000
0000
0000
0000
0000
0000
0000
0875
0000
0000
0000
0000
0000
0000
0000
0876
0000
0000
0000
0000
0000
0000
0000
0877
0000
0000
0000
0000
0000
0000
0000
0878
0000
0000
0000
0000
0000
0000
0000
0879
0000
0000
0000
0000
0000
0000
0000
087a
0000
0000
0000
0000
0000
0000
0000
087b
0000
0000
0000
0000
0000
0000
0000
087c
0000
0000
0000
0000
0000
0000
0000
087d
0000
0000
0000
0000
0000
0000
0000
087e
0000
0000
0000
0000
0000
0000
0000
087f
0000
0000
0000
0000
0000
0000
0000
0880
0243
06c8
072e
9afb
0061
0200
0ff9
0881
0243
0724
072a
9ea3
009c
0200
0ffa
0882
0243
0720
06fe
a16e
0078
3200
0ffa
0883
0011
06f4
26f7
b4c2
0012
728f
2f02
0884
000a
0702
26ff
aac6
000a
7200
2f01
0885
000a
06fc
2707
b1bc
0006
7200
2f01
0886
000a
0702
2700
aac6
000a
3200
2f01
0887
000a
06fc
26f8
b1bc
0006
3200
2f01
0888
000a
06fd
26ff
aac6
000a
6200
2f01
0889
000a
0703
2707
b1bc
0006
6200
2f01
088a
000a
06fd
2700
aac6
000a
2200
2f01
088b
000a
0703
26f8
b1bc
0006
2200
2f01
088c
0011
06fd
26ff
b4fd
0002
7400
2f01
088d
0011
0702
26ff
b4fd
0002
4400
2f01
088e
0011
06fc
2700
b4fd
0002
7400
2f01
088f
0011
0703
2700
b4fd
0002
4400
2f01
0890
0011
06fc
26ff
b501
0002
3400
2fff
0891
0011
0703
26ff
b501
0002
0400
2fff
0892
0011
0702
2701
b4fd
0003
4333
2f01
0893
0011
06fd
2701
b4fd
0003
7333
2f01
0894
0011
0702
26fe
b501
0003
0333
2fff
0895
0011
06fd
26fe
b501
0003
3333
2fff
0896
0011
06fb
2702
b4fd
0003
7333
2f01
0897
0011
06fb
26fd
b501
0003
3333
2fff
0898
0049
06fc
36ff
0f94
0003
7400
2f01
0899
0011
06fe
26ff
b4fd
0003
7333
2f01
089a
0011
0701
26ff
b4fd
0003
4333
2f01
089b
0011
0700
26ff
b4fd
0003
7333
2f01
089c
0011
06ff
26ff
b4fd
0003
4333
2f01
089d
0011
0700
2701
b4fd
0003
7333
2f01
089e
0011
0700
2701
b4fd
0003
4333
2f01
089f
0011
0700
26fe
b501
0003
3333
2fff
08a0
0011
0700
26fe
b501
0003
0333
2fff
08a1
0011
06fd
2704
b4fd
0003
7333
2f01
08a2
0011
06fd
26fc
b501
0003
3333
2fff
08a3
0011
0702
26fc
b501
0003
0333
2fff
08a4
0011
0702
2704
b4fd
0003
4333
2f01
08a5
0011
06fb
2704
b4fd
0003
7333
2f01
08a6
0011
06fb
26fb
b501
0003
3333
2fff
08a7
0011
0700
2704
b4fd
0003
7333
2f01
08a8
0011
0700
26fc
b501
0003
3333
2fff
08a9
0011
0700
26fc
b501
0003
0333
2fff
08aa
0011
0700
2704
b4fd
0003
4333
2f01
08ab
0011
0701
2705
b4fd
0003
7333
2f01
08ac
0011
0701
26fa
b501
0003
3333
2fff
08ad
0011
06fe
26fa
b501
0003
0333
2fff
08ae
0011
06fe
2705
b4fd
0003
4333
2f01
08af
0011
0702
2702
b4fd
0003
7333
2f01
08b0
0011
0702
26fd
b501
0003
3333
2fff
08b1
0011
06fd
26fd
b501
0003
0333
2fff
08b2
0011
06fd
2702
b4fd
0003
4333
2f01
08b3
0011
06fe
2706
b4fd
0003
7333
2f01
08b4
0011
0701
2706
b4fd
0003
4333
2f01
08b5
0011
06fe
26f9
b501
0003
3333
2fff
08b6
0011
0701
26f9
b501
0003
0333
2fff
08b7
0011
06fc
2706
b4fd
0003
7333
2f01
08b8
0011
06fc
26f9
b501
0003
3333
2fff
08b9
0011
0703
26f9
b501
0003
0333
2fff
08ba
0011
0703
2706
b4fd
0003
4333
2f01
08bb
0011
0702
26ff
b501
0003
3333
2fff
08bc
0011
0702
26ff
b4fd
0003
7333
2f01
08bd
0011
0702
2701
b4fd
0003
7333
2f01
08be
0011
06fe
26ff
b501
0003
0333
2fff
08bf
0011
06fd
26ff
b4fd
0003
4333
2f01
08c0
0011
06fe
2701
b4fd
0003
4333
2f01
08c1
0026
06fe
36fd
07fb
0004
3200
2fff
08c2
0018
06fe
3704
07fb
0004
7200
2fff
08c3
0034
0702
36fd
07fb
0004
2200
2fff
08c4
002d
0701
3704
07fb
0004
6200
2fff
08c5
003b
06fc
36fa
0975
0003
3200
2fff
08c6
0042
06fa
3704
0973
0003
7200
2f01
08c7
0042
0702
36fe
0973
0003
0200
2f01
08c8
003b
0704
3703
0973
0003
4200
2f01
08c9
0042
06f8
36fa
0975
0003
3200
2fff
08ca
0034
0705
36fd
0975
0003
2200
2fff
08cb
003b
06f8
3705
0973
0003
7200
2f01
08cc
0114
0702
3700
6975
0003
4200
2fff
08cd
011b
06fe
36fd
6975
0003
3200
2fff
08ce
0114
0704
36fa
6975
0003
2200
2fff
08cf
011b
06fb
3706
6975
0003
5200
2fff
08d0
0194
0727
46f5
e845
0007
3333
2d03
08d1
0194
073e
46f5
e845
0007
3333
2d03
08d2
0194
0754
46f5
e845
0007
3333
2d03
08d3
0194
06ab
470e
e847
0007
4333
2d03
08d4
0194
06c1
470e
e847
0007
4333
2d03
08d5
0194
06d8
470e
e847
0007
4333
2d03
08d6
0194
06ee
470e
e847
0007
4333
2d03
08d7
0194
0704
470e
e847
0007
4333
2d03
08d8
0194
06fb
470e
e845
0007
7333
2d03
08d9
0194
0711
470e
e845
0007
7333
2d03
08da
0194
0727
470e
e845
0007
7333
2d03
08db
0194
073e
470e
e845
0007
7333
2d03
08dc
0194
0754
470e
e845
0007
7333
2d03
08dd
018d
076c
06ef
49f9
0023
7333
2d02
08de
018d
0779
06ee
5172
0024
7333
2d02
08df
018d
0785
06ee
5172
0024
7333
2d02
08e0
018d
0792
06ef
49fa
0023
5333
2d02
08e1
018d
0693
06ef
49f9
0023
6333
2d02
08e2
018d
0686
06ee
5172
0024
6333
2d02
08e3
018d
067a
06ee
5172
0024
6333
2d02
08e4
018d
066d
06ef
49fa
0023
4333
2d02
08e5
0194
06ab
46f5
e847
0007
0333
2d03
08e6
0194
06c1
46f5
e847
0007
0333
2d03
08e7
0194
06d8
46f5
e847
0007
0333
2d03
08e8
0194
06ee
46f5
e847
0007
0333
2d03
08e9
0194
0704
46f5
e847
0007
0333
2d03
08ea
0194
06fb
46f5
e845
0007
3333
2d03
08eb
0194
0711
46f5
e845
0007
3333
2d03
08ec
0186
069a
070f
587a
000d
431f
2c0e
08ed
0186
06d1
070f
587a
000d
431f
2c0e
08ee
0186
0708
070f
587a
000d
431f
2c0e
08ef
0186
06f8
070f
586d
000d
731f
2c0e
08f0
0186
072f
070f
586d
000d
731f
2c0e
08f1
0186
0766
070f
586d
000d
731f
2c0e
08f2
017f
069a
06f0
5992
000d
031f
2cf2
08f3
017f
06d1
06f0
5992
000d
031f
2cf2
08f4
017f
0708
06f0
5992
000d
031f
2cf2
08f5
017f
06f8
06f0
5985
000d
331f
2cf2
08f6
017f
072f
06f0
5985
000d
331f
2cf2
08f7
017f
0766
06f0
5985
000d
331f
2cf2
08f8
0196
0677
5704
88f3
000f
630c
2c04
08f9
0196
072d
5704
88f3
000f
730c
2c04
08fa
0186
0695
0710
587a
000d
42fa
2c0e
08fb
0186
06cf
0710
587a
000d
42fa
2c0e
08fc
0186
0709
0710
587a
000d
42fa
2c0e
08fd
0186
06f7
0710
586d
000d
72fa
2c0e
08fe
0186
0731
0710
586d
000d
72fa
2c0e
08ff
0186
076b
0710
586d
000d
72fa
2c0e
0900
017f
0695
06ef
5992
000d
02fa
2cf2
0901
017f
06cf
06ef
5992
000d
02fa
2cf2
0902
017f
0709
06ef
5992
000d
02fa
2cf2
0903
017f
06f7
06ef
5985
000d
32fa
2cf2
0904
017f
0731
06ef
5985
000d
32fa
2cf2
0905
017f
076b
06ef
5985
000d
32fa
2cf2
0906
021d
06f5
4711
eb06
0001
72e9
0b02
0907
0196
06d5
5704
88f3
0010
62d8
2b04
0908
0196
0753
5704
88f3
0010
72d8
2b04
0909
0186
068f
0711
587a
000e
42c8
2b0e
090a
0186
06cc
0711
587a
000e
42c8
2b0e
090b
0186
0709
0711
587a
000e
42c8
2b0e
090c
0186
06f6
0711
586d
000e
72c8
2b0e
090d
0186
0733
0711
586d
000e
72c8
2b0e
090e
0186
0770
0711
586d
000e
72c8
2b0e
090f
017f
068f
06ee
5992
000e
02c8
2bf2
0910
017f
06cc
06ee
5992
000e
02c8
2bf2
0911
017f
0709
06ee
5992
000e
02c8
2bf2
0912
017f
06f6
06ee
5985
000e
32c8
2bf2
0913
017f
0733
06ee
5985
000e
32c8
2bf2
0914
017f
0770
06ee
5985
000e
32c8
2bf2
0915
0196
06f2
5704
88f3
0011
62b9
2b04
0916
0196
070e
5704
88f3
0011
72b9
2b04
0917
0186
0688
0712
587a
000f
429d
2a0e
0918
0186
06c9
0712
587a
000f
429d
2a0e
0919
0186
070a
0712
587a
000f
429d
2a0e
091a
0186
06f6
0712
586d
000f
729d
2a0e
091b
0186
0737
0712
586d
000f
729d
2a0e
091c
0186
0778
0712
586d
000f
729d
2a0e
091d
017f
0688
06ed
5992
000f
029d
2af2
091e
017f
06c9
06ed
5992
000f
029d
2af2
091f
017f
070a
06ed
5992
000f
029d
2af2
0920
017f
06f6
06ed
5985
000f
329d
2af2
0921
017f
0737
06ed
5985
000f
329d
2af2
0922
017f
0778
06ed
5985
000f
329d
2af2
0923
021d
06f4
4713
eb06
0001
728f
0a02
0924
0196
068e
5704
88f3
0012
628f
2a04
0925
0196
0784
5704
88f3
0012
728f
2a04
0926
0186
0681
0713
587a
0010
4276
2a0e
0927
0186
06c6
0713
587a
0010
4276
2a0e
0928
0186
070b
0713
587a
0010
4276
2a0e
0929
0186
06f5
0713
586d
0010
7276
2a0e
092a
0186
073a
0713
586d
0010
7276
2a0e
092b
0186
077f
0713
586d
0010
7276
2a0e
092c
017f
0681
06ec
5992
0010
0276
2af2
092d
017f
06c6
06ec
5992
0010
0276
2af2
092e
017f
070b
06ec
5992
0010
0276
2af2
092f
017f
06f5
06ec
5985
0010
3276
2af2
0930
017f
073a
06ec
5985
0010
3276
2af2
0931
017f
077f
06ec
5985
0010
3276
2af2
0932
0196
06f0
5704
8aa6
0014
6276
2a03
0933
0196
06bc
5705
88f3
0013
626a
2904
0934
0196
077a
5705
88f3
0013
726a
2904
0935
0185
0677
0715
587a
0011
4254
290e
0936
0185
06c1
0715
587a
0011
4254
290e
0937
0185
070b
0715
587a
0011
4254
290e
0938
0185
06f4
0715
586d
0011
7254
290e
0939
0185
073e
0715
586d
0011
7254
290e
093a
0185
0788
0715
586d
0011
7254
290e
093b
017e
0677
06ea
5992
0011
0254
29f2
093c
017e
06c1
06ea
5992
0011
0254
29f2
093d
017e
070b
06ea
5992
0011
0254
29f2
093e
017e
06f4
06ea
5985
0011
3254
29f2
093f
017e
073e
06ea
5985
0011
3254
29f2
0940
017e
0788
06ea
5985
0011
3254
29f2
0941
021d
06f2
4716
eb06
0001
7249
0902
0942
0196
06fb
5705
88f3
0015
623f
2904
0943
0196
0749
5705
88f3
0015
723f
2904
0944
0185
066e
0716
587a
0012
422b
280e
0945
0185
06bd
0716
587a
0012
422b
280e
0946
0185
070c
0716
587a
0012
422b
280e
0947
0185
06f4
0716
586d
0012
722b
280e
0948
0185
0743
0716
586d
0012
722b
280e
0949
0185
0792
0716
586d
0012
722b
280e
094a
017e
066e
06e9
5992
0012
022b
28f2
094b
017e
06bd
06e9
5992
0012
022b
28f2
094c
017e
070c
06e9
5992
0012
022b
28f2
094d
017e
06f4
06e9
5985
0012
322b
28f2
094e
017e
0743
06e9
5985
0012
322b
28f2
094f
017e
0792
06e9
5985
0012
322b
28f2
0950
0196
06e2
5705
88f3
0017
6211
2804
0951
0196
0711
5705
88f3
0017
7211
2804
0952
0185
0661
0718
587a
0014
4200
280e
0953
0185
06b7
0718
587a
0014
4200
280e
0954
0185
070d
0718
587a
0014
4200
280e
0955
0185
06f2
0718
586d
0014
7200
280e
0956
0185
0748
0718
586d
0014
7200
280e
0957
0185
079e
0718
586d
0014
7200
280e
0958
017e
0661
06e7
5992
0014
0200
28f2
0959
017e
06b7
06e7
5992
0014
0200
28f2
095a
017e
070d
06e7
5992
0014
0200
28f2
095b
017e
06f2
06e7
5985
0014
3200
28f2
095c
017e
0748
06e7
5985
0014
3200
28f2
095d
017e
079e
06e7
5985
0014
3200
28f2
095e
021d
06f4
471a
eafd
0001
73e1
0803
095f
0196
06e7
5706
87d3
0019
63d2
2806
0960
0196
0770
5706
87d3
0019
73d2
2806
0961
0184
0650
0719
545c
0016
43a8
271a
0962
0184
06ad
0719
545c
0016
43a8
271a
0963
0184
070a
0719
545c
0016
43a8
271a
0964
0184
06f6
0719
5443
0016
73a8
271a
0965
0184
0753
0719
5443
0016
73a8
271a
0966
0184
07b0
0719
5443
0016
73a8
271a
0967
017d
0650
06e6
5879
0016
03a8
27e6
0968
017d
06ad
06e6
5879
0016
03a8
27e6
0969
017d
070a
06e6
5879
0016
03a8
27e6
096a
017d
06f6
06e6
5860
0016
33a8
27e6
096b
017d
0753
06e6
5860
0016
33a8
27e6
096c
017d
07b0
06e6
5860
0016
33a8
27e6
096d
0196
06b7
5706
87d3
001b
6382
2706
096e
0196
073a
5706
87d3
001b
7382
2706
096f
0184
06a5
071c
545c
0018
435e
271a
0970
0184
070b
071c
545c
0018
435e
271a
0971
0184
06f5
071c
5443
0018
735e
271a
0972
0184
075b
071c
5443
0018
735e
271a
0973
017d
06a5
06e3
5879
0018
035e
27e6
0974
017d
070b
06e3
5879
0018
035e
27e6
0975
017d
06f5
06e3
5860
0018
335e
27e6
0976
017d
075b
06e3
5860
0018
335e
27e6
0977
0196
0728
5706
8974
001f
7333
2606
0978
021d
06f1
471f
eafd
0001
7333
0603
0979
0183
069c
071f
545c
001a
430c
261a
097a
0183
070c
071f
545c
001a
430c
261a
097b
0183
06f3
071f
5443
001a
730c
261a
097c
0183
0763
071f
5443
001a
730c
261a
097d
017c
069c
06e0
5879
001a
030c
26e6
097e
017c
070c
06e0
5879
001a
030c
26e6
097f
017c
06f3
06e0
5860
001a
330c
26e6
0980
017c
0763
06e0
5860
001a
330c
26e6
0981
0196
076a
5708
87d3
0021
72e0
2606
0982
0182
0690
0722
545c
001e
42b9
251a
0983
0182
070d
0722
545c
001e
42b9
251a
0984
0182
06f2
0722
5443
001e
72b9
251a
0985
0182
076f
0722
5443
001e
72b9
251a
0986
017b
0690
06dd
5879
001e
02b9
25e6
0987
017b
070d
06dd
5879
001e
02b9
25e6
0988
017b
06f2
06dd
5860
001e
32b9
25e6
0989
017b
076f
06dd
5860
001e
32b9
25e6
098a
021d
06ee
4725
eafd
0002
729d
0503
098b
0196
0693
5709
87d3
0025
6296
2506
098c
0196
07c4
5709
87d3
0025
7296
2506
098d
0182
0682
0727
545c
0021
426a
251a
098e
0182
070f
0727
545c
0021
426a
251a
098f
0182
06f0
0727
5443
0021
726a
251a
0990
0182
077d
0727
5443
0021
726a
251a
0991
017b
0682
06d8
5879
0021
026a
25e6
0992
017b
070f
06d8
5879
0021
026a
25e6
0993
017b
06f0
06d8
5860
0021
326a
25e6
0994
017b
077d
06d8
5860
0021
326a
25e6
0995
0196
06d1
570a
87d3
002a
6244
2406
0996
0196
072e
570a
87d3
002a
7244
2406
0997
0181
0711
072d
545c
0027
4219
241a
0998
0181
06ee
072d
5443
0027
7219
241a
0999
017a
0711
06d2
5879
0027
0219
24e6
099a
017a
06ee
06d2
5860
0027
3219
24e6
099b
021d
06f0
4732
eae5
0003
73e1
0404
099c
0181
0714
0735
545c
002d
41ca
231a
099d
0181
06eb
0735
5443
002d
71ca
231a
099e
017a
0714
06ca
5879
002d
01ca
23e6
099f
017a
06eb
06ca
5860
002d
31ca
23e6
09a0
0196
06d3
570b
8974
0038
61ca
2306
09a1
0181
0719
0740
545c
0037
4178
231a
09a2
0181
06e6
0740
5443
0037
7178
231a
09a3
017a
0719
06bf
5879
0037
0178
23e6
09a4
017a
06e6
06bf
5860
0037
3178
23e6
09a5
021d
06e8
474a
eae5
0004
72a4
0304
09a6
0196
06d6
5711
87d3
0049
6150
2306
09a7
0180
0721
0751
545c
0046
4128
221a
09a8
0180
06df
0751
5443
0046
7128
221a
09a9
0179
0721
06ae
5879
0046
0128
22e6
09aa
0179
06df
06ae
5860
0046
3128
22e6
09ab
0195
069f
4732
e875
0037
71e1
220c
09ac
0196
0768
5716
87d3
0060
7100
2206
09ad
0180
072c
076f
545c
0061
40d8
221a
09ae
0180
06d3
076f
5443
0061
70d8
221a
09af
0179
072c
0690
5879
0061
00d8
22e6
09b0
0179
06d3
0690
5860
0061
30d8
22e6
09b1
021d
06d2
478d
eae5
0008
7160
0104
09b2
8000
0000
0000
0000
0000
0000
0000
09b3
0000
0000
0000
0000
0000
0000
0000
09b4
0000
0000
0000
0000
0000
0000
0000
09b5
0000
0000
0000
0000
0000
0000
0000
09b6
0000
0000
0000
0000
0000
0000
0000
09b7
0000
0000
0000
0000
0000
0000
0000
09b8
0000
0000
0000
0000
0000
0000
0000
09b9
0000
0000
0000
0000
0000
0000
0000
09ba
0000
0000
0000
0000
0000
0000
0000
09bb
0000
0000
0000
0000
0000
0000
0000
09bc
0000
0000
0000
0000
0000
0000
0000
09bd
0000
0000
0000
0000
0000
0000
0000
09be
0000
0000
0000
0000
0000
0000
0000
09bf
0000
0000
0000
0000
0000
0000
0000
09c0
0000
0000
0000
0000
0000
0000
0000
09c1
0000
0000
0000
0000
0000
0000
0000
09c2
0000
0000
0000
0000
0000
0000
0000
09c3
0000
0000
0000
0000
0000
0000
0000
09c4
0000
0000
0000
0000
0000
0000
0000
09c5
0000
0000
0000
0000
0000
0000
0000
09c6
0000
0000
0000
0000
0000
0000
0000
09c7
0000
0000
0000
0000
0000
0000
0000
09c8
0000
0000
0000
0000
0000
0000
0000
09c9
0000
0000
0000
0000
0000
0000
0000
09ca
0000
0000
0000
0000
0000
0000
0000
09cb
0000
0000
0000
0000
0000
0000
0000
09cc
0000
0000
0000
0000
0000
0000
0000
09cd
0000
0000
0000
0000
0000
0000
0000
09ce
0000
0000
0000
0000
0000
0000
0000
09cf
0000
0000
0000
0000
0000
0000
0000
09d0
0000
0000
0000
0000
0000
0000
0000
09d1
0000
0000
0000
0000
0000
0000
0000
09d2
0000
0000
0000
0000
0000
0000
0000
09d3
0000
0000
0000
0000
0000
0000
0000
09d4
0000
0000
0000
0000
0000
0000
0000
09d5
0000
0000
0000
0000
0000
0000
0000
09d6
0000
0000
0000
0000
0000
0000
0000
09d7
0000
0000
0000
0000
0000
0000
0000
09d8
0000
0000
0000
0000
0000
0000
0000
09d9
0000
0000
0000
0000
0000
0000
0000
09da
0000
0000
0000
0000
0000
0000
0000
09db
0000
0000
0000
0000
0000
0000
0000
09dc
0000
0000
0000
0000
0000
0000
0000
09dd
0000
0000
0000
0000
0000
0000
0000
09de
0000
0000
0000
0000
0000
0000
0000
09df
0000
0000
0000
0000
0000
0000
0000
09e0
0000
0000
0000
0000
0000
0000
0000
09e1
0000
0000
0000
0000
0000
0000
0000
09e2
0000
0000
0000
0000
0000
0000
0000
09e3
0000
0000
0000
0000
0000
0000
0000
09e4
0000
0000
0000
0000
0000
0000
0000
09e5
0000
0000
0000
0000
0000
0000
0000
09e6
0000
0000
0000
0000
0000
0000
0000
09e7
0000
0000
0000
0000
0000
0000
0000
09e8
0000
0000
0000
0000
0000
0000
0000
09e9
0000
0000
0000
0000
0000
0000
0000
09ea
0000
0000
0000
0000
0000
0000
0000
09eb
0000
0000
0000
0000
0000
0000
0000
09ec
0000
0000
0000
0000
0000
0000
0000
09ed
0000
0000
0000
0000
0000
0000
0000
09ee
0000
0000
0000
0000
0000
0000
0000
09ef
0000
0000
0000
0000
0000
0000
0000
09f0
0000
0000
0000
0000
0000
0000
0000
09f1
0000
0000
0000
0000
0000
0000
0000
09f2
0000
0000
0000
0000
0000
0000
0000
09f3
0000
0000
0000
0000
0000
0000
0000
09f4
0000
0000
0000
0000
0000
0000
0000
09f5
0000
0000
0000
0000
0000
0000
0000
09f6
0000
0000
0000
0000
0000
0000
0000
09f7
0000
0000
0000
0000
0000
0000
0000
09f8
0000
0000
0000
0000
0000
0000
0000
09f9
0000
0000
0000
0000
0000
0000
0000
09fa
0000
0000
0000
0000
0000
0000
0000
09fb
0000
0000
0000
0000
0000
0000
0000
09fc
0000
0000
0000
0000
0000
0000
0000
09fd
0000
0000
0000
0000
0000
0000
0000
09fe
0000
0000
0000
0000
0000
0000
0000
09ff
0000
0000
0000
0000
0000
0000
0000
0a00
0000
0000
0000
0000
0000
0000
0000
0a01
0000
0000
0000
0000
0000
0000
0000
0a02
0000
0000
0000
0000
0000
0000
0000
0a03
0000
0000
0000
0000
0000
0000
0000
0a04
0000
0000
0000
0000
0000
0000
0000
0a05
0000
0000
0000
0000
0000
0000
0000
0a06
0000
0000
0000
0000
0000
0000
0000
0a07
0000
0000
0000
0000
0000
0000
0000
0a08
0000
0000
0000
0000
0000
0000
0000
0a09
0000
0000
0000
0000
0000
0000
0000
0a0a
0000
0000
0000
0000
0000
0000
0000
0a0b
0000
0000
0000
0000
0000
0000
0000
0a0c
0000
0000
0000
0000
0000
0000
0000
0a0d
0000
0000
0000
0000
0000
0000
0000
0a0e
0000
0000
0000
0000
0000
0000
0000
0a0f
0000
0000
0000
0000
0000
0000
0000
0a10
0000
0000
0000
0000
0000
0000
0000
0a11
0000
0000
0000
0000
0000
0000
0000
0a12
0000
0000
0000
0000
0000
0000
0000
0a13
0000
0000
0000
0000
0000
0000
0000
0a14
0000
0000
0000
0000
0000
0000
0000
0a15
0000
0000
0000
0000
0000
0000
0000
0a16
0000
0000
0000
0000
0000
0000
0000
0a17
0000
0000
0000
0000
0000
0000
0000
0a18
0000
0000
0000
0000
0000
0000
0000
0a19
0000
0000
0000
0000
0000
0000
0000
0a1a
0000
0000
0000
0000
0000
0000
0000
0a1b
0000
0000
0000
0000
0000
0000
0000
0a1c
0000
0000
0000
0000
0000
0000
0000
0a1d
0000
0000
0000
0000
0000
0000
0000
0a1e
0000
0000
0000
0000
0000
0000
0000
0a1f
0000
0000
0000
0000
0000
0000
0000
0a20
0000
0000
0000
0000
0000
0000
0000
0a21
0000
0000
0000
0000
0000
0000
0000
0a22
0000
0000
0000
0000
0000
0000
0000
0a23
0000
0000
0000
0000
0000
0000
0000
0a24
0000
0000
0000
0000
0000
0000
0000
0a25
0000
0000
0000
0000
0000
0000
0000
0a26
0000
0000
0000
0000
0000
0000
0000
0a27
0000
0000
0000
0000
0000
0000
0000
0a28
0000
0000
0000
0000
0000
0000
0000
0a29
0000
0000
0000
0000
0000
0000
0000
0a2a
0000
0000
0000
0000
0000
0000
0000
0a2b
0000
0000
0000
0000
0000
0000
0000
0a2c
0000
0000
0000
0000
0000
0000
0000
0a2d
0000
0000
0000
0000
0000
0000
0000
0a2e
0000
0000
0000
0000
0000
0000
0000
0a2f
0000
0000
0000
0000
0000
0000
0000
0a30
0000
0000
0000
0000
0000
0000
0000
0a31
0000
0000
0000
0000
0000
0000
0000
0a32
0000
0000
0000
0000
0000
0000
0000
0a33
0000
0000
0000
0000
0000
0000
0000
0a34
0000
0000
0000
0000
0000
0000
0000
0a35
0000
0000
0000
0000
0000
0000
0000
0a36
0000
0000
0000
0000
0000
0000
0000
0a37
0000
0000
0000
0000
0000
0000
0000
0a38
0000
0000
0000
0000
0000
0000
0000
0a39
0000
0000
0000
0000
0000
0000
0000
0a3a
0000
0000
0000
0000
0000
0000
0000
0a3b
0000
0000
0000
0000
0000
0000
0000
0a3c
0000
0000
0000
0000
0000
0000
0000
0a3d
0000
0000
0000
0000
0000
0000
0000
0a3e
0000
0000
0000
0000
0000
0000
0000
0a3f
0000
0000
0000
0000
0000
0000
0000
0a40
0000
0000
0000
0000
0000
0000
0000
0a41
0000
0000
0000
0000
0000
0000
0000
0a42
0000
0000
0000
0000
0000
0000
0000
0a43
0000
0000
0000
0000
0000
0000
0000
0a44
0000
0000
0000
0000
0000
0000
0000
0a45
0000
0000
0000
0000
0000
0000
0000
0a46
0000
0000
0000
0000
0000
0000
0000
0a47
0000
0000
0000
0000
0000
0000
0000
0a48
0000
0000
0000
0000
0000
0000
0000
0a49
0000
0000
0000
0000
0000
0000
0000
0a4a
0000
0000
0000
0000
0000
0000
0000
0a4b
0000
0000
0000
0000
0000
0000
0000
0a4c
0000
0000
0000
0000
0000
0000
0000
0a4d
0000
0000
0000
0000
0000
0000
0000
0a4e
0000
0000
0000
0000
0000
0000
0000
0a4f
0000
0000
0000
0000
0000
0000
0000
0a50
0000
0000
0000
0000
0000
0000
0000
0a51
0000
0000
0000
0000
0000
0000
0000
0a52
0000
0000
0000
0000
0000
0000
0000
0a53
0000
0000
0000
0000
0000
0000
0000
0a54
0000
0000
0000
0000
0000
0000
0000
0a55
0000
0000
0000
0000
0000
0000
0000
0a56
0000
0000
0000
0000
0000
0000
0000
0a57
0000
0000
0000
0000
0000
0000
0000
0a58
0000
0000
0000
0000
0000
0000
0000
0a59
0000
0000
0000
0000
0000
0000
0000
0a5a
0000
0000
0000
0000
0000
0000
0000
0a5b
0000
0000
0000
0000
0000
0000
0000
0a5c
0000
0000
0000
0000
0000
0000
0000
0a5d
0000
0000
0000
0000
0000
0000
0000
0a5e
0000
0000
0000
0000
0000
0000
0000
0a5f
0000
0000
0000
0000
0000
0000
0000
0a60
0000
0000
0000
0000
0000
0000
0000
0a61
0000
0000
0000
0000
0000
0000
0000
0a62
0000
0000
0000
0000
0000
0000
0000
0a63
0000
0000
0000
0000
0000
0000
0000
0a64
0000
0000
0000
0000
0000
0000
0000
0a65
0000
0000
0000
0000
0000
0000
0000
0a66
0000
0000
0000
0000
0000
0000
0000
0a67
0000
0000
0000
0000
0000
0000
0000
0a68
0000
0000
0000
0000
0000
0000
0000
0a69
0000
0000
0000
0000
0000
0000
0000
0a6a
0000
0000
0000
0000
0000
0000
0000
0a6b
0000
0000
0000
0000
0000
0000
0000
0a6c
0000
0000
0000
0000
0000
0000
0000
0a6d
0000
0000
0000
0000
0000
0000
0000
0a6e
0000
0000
0000
0000
0000
0000
0000
0a6f
0000
0000
0000
0000
0000
0000
0000
0a70
0000
0000
0000
0000
0000
0000
0000
0a71
0000
0000
0000
0000
0000
0000
0000
0a72
0000
0000
0000
0000
0000
0000
0000
0a73
0000
0000
0000
0000
0000
0000
0000
0a74
0000
0000
0000
0000
0000
0000
0000
0a75
0000
0000
0000
0000
0000
0000
0000
0a76
0000
0000
0000
0000
0000
0000
0000
0a77
0000
0000
0000
0000
0000
0000
0000
0a78
0000
0000
0000
0000
0000
0000
0000
0a79
0000
0000
0000
0000
0000
0000
0000
0a7a
0000
0000
0000
0000
0000
0000
0000
0a7b
0000
0000
0000
0000
0000
0000
0000
0a7c
0000
0000
0000
0000
0000
0000
0000
0a7d
0000
0000
0000
0000
0000
0000
0000
0a7e
0000
0000
0000
0000
0000
0000
0000
0a7f
0000
0000
0000
0000
0000
0000
0000
0a80
0000
0000
0000
0000
0000
0000
0000
0a81
0000
0000
0000
0000
0000
0000
0000
0a82
0000
0000
0000
0000
0000
0000
0000
0a83
0000
0000
0000
0000
0000
0000
0000
0a84
0000
0000
0000
0000
0000
0000
0000
0a85
0000
0000
0000
0000
0000
0000
0000
0a86
0000
0000
0000
0000
0000
0000
0000
0a87
0000
0000
0000
0000
0000
0000
0000
0a88
0000
0000
0000
0000
0000
0000
0000
0a89
0000
0000
0000
0000
0000
0000
0000
0a8a
0000
0000
0000
0000
0000
0000
0000
0a8b
0000
0000
0000
0000
0000
0000
0000
0a8c
0000
0000
0000
0000
0000
0000
0000
0a8d
0000
0000
0000
0000
0000
0000
0000
0a8e
0000
0000
0000
0000
0000
0000
0000
0a8f
0000
0000
0000
0000
0000
0000
0000
0a90
0000
0000
0000
0000
0000
0000
0000
0a91
0000
0000
0000
0000
0000
0000
0000
0a92
0000
0000
0000
0000
0000
0000
0000
0a93
0000
0000
0000
0000
0000
0000
0000
0a94
0000
0000
0000
0000
0000
0000
0000
0a95
0000
0000
0000
0000
0000
0000
0000
0a96
0000
0000
0000
0000
0000
0000
0000
0a97
0000
0000
0000
0000
0000
0000
0000
0a98
0000
0000
0000
0000
0000
0000
0000
0a99
0000
0000
0000
0000
0000
0000
0000
0a9a
0000
0000
0000
0000
0000
0000
0000
0a9b
0000
0000
0000
0000
0000
0000
0000
0a9c
0000
0000
0000
0000
0000
0000
0000
0a9d
0000
0000
0000
0000
0000
0000
0000
0a9e
0000
0000
0000
0000
0000
0000
0000
0a9f
0000
0000
0000
0000
0000
0000
0000
0aa0
0000
0000
0000
0000
0000
0000
0000
0aa1
0000
0000
0000
0000
0000
0000
0000
0aa2
0000
0000
0000
0000
0000
0000
0000
0aa3
0000
0000
0000
0000
0000
0000
0000
0aa4
0000
0000
0000
0000
0000
0000
0000
0aa5
0000
0000
0000
0000
0000
0000
0000
0aa6
0000
0000
0000
0000
0000
0000
0000
0aa7
0000
0000
0000
0000
0000
0000
0000
0aa8
0000
0000
0000
0000
0000
0000
0000
0aa9
0000
0000
0000
0000
0000
0000
0000
0aaa
0000
0000
0000
0000
0000
0000
0000
0aab
0000
0000
0000
0000
0000
0000
0000
0aac
0000
0000
0000
0000
0000
0000
0000
0aad
0000
0000
0000
0000
0000
0000
0000
0aae
0000
0000
0000
0000
0000
0000
0000
0aaf
0000
0000
0000
0000
0000
0000
0000
0ab0
0000
0000
0000
0000
0000
0000
0000
0ab1
0000
0000
0000
0000
0000
0000
0000
0ab2
0000
0000
0000
0000
0000
0000
0000
0ab3
0000
0000
0000
0000
0000
0000
0000
0ab4
0000
0000
0000
0000
0000
0000
0000
0ab5
0000
0000
0000
0000
0000
0000
0000
0ab6
0000
0000
0000
0000
0000
0000
0000
0ab7
0000
0000
0000
0000
0000
0000
0000
0ab8
0000
0000
0000
0000
0000
0000
0000
0ab9
0000
0000
0000
0000
0000
0000
0000
0aba
0000
0000
0000
0000
0000
0000
0000
0abb
0000
0000
0000
0000
0000
0000
0000
0abc
0000
0000
0000
0000
0000
0000
0000
0abd
0000
0000
0000
0000
0000
0000
0000
0abe
0000
0000
0000
0000
0000
0000
0000
0abf
0000
0000
0000
0000
0000
0000
0000
0ac0
0000
0000
0000
0000
0000
0000
0000
0ac1
0000
0000
0000
0000
0000
0000
0000
0ac2
0000
0000
0000
0000
0000
0000
0000
0ac3
0000
0000
0000
0000
0000
0000
0000
0ac4
0000
0000
0000
0000
0000
0000
0000
0ac5
0000
0000
0000
0000
0000
0000
0000
0ac6
0000
0000
0000
0000
0000
0000
0000
0ac7
0000
0000
0000
0000
0000
0000
0000
0ac8
0000
0000
0000
0000
0000
0000
0000
0ac9
0000
0000
0000
0000
0000
0000
0000
0aca
0000
0000
0000
0000
0000
0000
0000
0acb
0000
0000
0000
0000
0000
0000
0000
0acc
0000
0000
0000
0000
0000
0000
0000
0acd
0000
0000
0000
0000
0000
0000
0000
0ace
0000
0000
0000
0000
0000
0000
0000
0acf
0000
0000
0000
0000
0000
0000
0000
0ad0
0000
0000
0000
0000
0000
0000
0000
0ad1
0000
0000
0000
0000
0000
0000
0000
0ad2
0000
0000
0000
0000
0000
0000
0000
0ad3
0000
0000
0000
0000
0000
0000
0000
0ad4
0000
0000
0000
0000
0000
0000
0000
0ad5
0000
0000
0000
0000
0000
0000
0000
0ad6
0000
0000
0000
0000
0000
0000
0000
0ad7
0000
0000
0000
0000
0000
0000
0000
0ad8
0000
0000
0000
0000
0000
0000
0000
0ad9
0000
0000
0000
0000
0000
0000
0000
0ada
0000
0000
0000
0000
0000
0000
0000
0adb
0000
0000
0000
0000
0000
0000
0000
0adc
0000
0000
0000
0000
0000
0000
0000
0add
0000
0000
0000
0000
0000
0000
0000
0ade
0000
0000
0000
0000
0000
0000
0000
0adf
0000
0000
0000
0000
0000
0000
0000
0ae0
0000
0000
0000
0000
0000
0000
0000
0ae1
0000
0000
0000
0000
0000
0000
0000
0ae2
0000
0000
0000
0000
0000
0000
0000
0ae3
0000
0000
0000
0000
0000
0000
0000
0ae4
0000
0000
0000
0000
0000
0000
0000
0ae5
0000
0000
0000
0000
0000
0000
0000
0ae6
0000
0000
0000
0000
0000
0000
0000
0ae7
0000
0000
0000
0000
0000
0000
0000
0ae8
0000
0000
0000
0000
0000
0000
0000
0ae9
0000
0000
0000
0000
0000
0000
0000
0aea
0000
0000
0000
0000
0000
0000
0000
0aeb
0000
0000
0000
0000
0000
0000
0000
0aec
0000
0000
0000
0000
0000
0000
0000
0aed
0000
0000
0000
0000
0000
0000
0000
0aee
0000
0000
0000
0000
0000
0000
0000
0aef
0000
0000
0000
0000
0000
0000
0000
0af0
0000
0000
0000
0000
0000
0000
0000
0af1
0000
0000
0000
0000
0000
0000
0000
0af2
0000
0000
0000
0000
0000
0000
0000
0af3
0000
0000
0000
0000
0000
0000
0000
0af4
0000
0000
0000
0000
0000
0000
0000
0af5
0000
0000
0000
0000
0000
0000
0000
0af6
0000
0000
0000
0000
0000
0000
0000
0af7
0000
0000
0000
0000
0000
0000
0000
0af8
0000
0000
0000
0000
0000
0000
0000
0af9
0000
0000
0000
0000
0000
0000
0000
0afa
0000
0000
0000
0000
0000
0000
0000
0afb
0000
0000
0000
0000
0000
0000
0000
0afc
0000
0000
0000
0000
0000
0000
0000
0afd
0000
0000
0000
0000
0000
0000
0000
0afe
0000
0000
0000
0000
0000
0000
0000
0aff
0000
0000
0000
0000
0000
0000
0000
0b00
0243
06c8
072e
9afb
0061
0200
0ff9
0b01
4243
0724
072a
9ea3
009c
0200
0ffa
0b02
1243
0720
06fe
a16e
0078
3200
0ffa
0b03
0011
06f4
26f7
b4c2
0012
7000
2f02
0b04
000a
0702
26ff
aac6
0000
7200
2f01
0b05
000a
06fc
a707
b1bc
0006
7200
2f01
0b06
000a
0702
2700
aac6
000a
3200
2f01
0b07
000a
06fc
26f8
b1bc
0006
3200
2f01
0b08
000a
06fd
26ff
aac6
000a
6200
2f01
0b09
000a
0703
2707
b1bc
0006
6200
2f01
0b0a
000a
06fd
2700
aac6
000a
2200
2f01
0b0b
000a
0703
26f8
b1bc
0006
2200
2f01
0b0c
0011
06fd
26ff
b4fd
0002
7400
2f01
0b0d
0011
0702
26ff
b4fd
0002
4400
2f01
0b0e
0011
06fc
2700
b4fd
0002
7400
2f01
0b0f
0011
0703
2700
b4fd
0002
4400
2f01
0b10
0011
06fc
26ff
b501
0002
3400
2fff
0b11
0011
0703
26ff
b501
0002
0400
2fff
0b12
0011
0702
2701
b4fd
0003
4333
2f01
0b13
0011
06fd
2701
b4fd
0003
7333
2f01
0b14
0011
0702
26fe
b501
0003
0333
2fff
0b15
0011
06fd
26fe
b501
0003
3333
2fff
0b16
0011
06fb
2702
b4fd
0003
7333
2f01
0b17
0011
06fb
26fd
b501
0003
3333
2fff
0b18
0049
06fc
36ff
0f94
0003
7400
2f01
0b19
0011
06fe
26ff
b4fd
0003
7333
2f01
0b1a
0011
0701
26ff
b4fd
0003
4333
2f01
0b1b
0011
0700
26ff
b4fd
0003
7333
2f01
0b1c
0011
06ff
26ff
b4fd
0003
4333
2f01
0b1d
0011
0700
2701
b4fd
0003
7333
2f01
0b1e
0011
0700
2701
b4fd
0003
4333
2f01
0b1f
0011
0700
26fe
b501
0003
3333
2fff
0b20
0011
0700
26fe
b501
0003
0333
2fff
0b21
0011
06fd
2704
b4fd
0003
7333
2f01
0b22
0011
06fd
26fc
b501
0003
3333
2fff
0b23
0011
0702
26fc
b501
0003
0333
2fff
0b24
0011
0702
2704
b4fd
0003
4333
2f01
0b25
0011
06fb
2704
b4fd
0003
7333
2f01
0b26
0011
06fb
26fb
b501
0003
3333
2fff
0b27
0011
0700
2704
b4fd
0003
7333
2f01
0b28
0011
0700
26fc
b501
0003
3333
2fff
0b29
0011
0700
26fc
b501
0003
0333
2fff
0b2a
0011
0700
2704
b4fd
0003
4333
2f01
0b2b
0011
0701
2705
b4fd
0003
7333
2f01
0b2c
0011
0701
26fa
b501
0003
3333
2fff
0b2d
0011
06fe
26fa
b501
0003
0333
2fff
0b2e
0011
06fe
2705
b4fd
0003
4333
2f01
0b2f
0011
0702
2702
b4fd
0003
7333
2f01
0b30
0011
0702
26fd
b501
0003
3333
2fff
0b31
0011
06fd
26fd
b501
0003
0333
2fff
0b32
0011
06fd
2702
b4fd
0003
4333
2f01
0b33
0011
06fe
2706
b4fd
0003
7333
2f01
0b34
0011
0701
2706
b4fd
0003
4333
2f01
0b35
0011
06fe
26f9
b501
0003
3333
2fff
0b36
0011
0701
26f9
b501
0003
0333
2fff
0b37
0011
06fc
2706
b4fd
0003
7333
2f01
0b38
0011
06fc
26f9
b501
0003
3333
2fff
0b39
0011
0703
26f9
b501
0003
0333
2fff
0b3a
0011
0703
2706
b4fd
0003
4333
2f01
0b3b
0011
0702
26ff
b501
0003
3333
2fff
0b3c
0011
0702
26ff
b4fd
0003
7333
2f01
0b3d
0011
0702
2701
b4fd
0003
7333
2f01
0b3e
0011
06fe
26ff
b501
0003
0333
2fff
0b3f
0011
06fd
26ff
b4fd
0003
4333
2f01
0b40
0011
06fe
2701
b4fd
0003
4333
2f01
0b41
0026
06fe
36fd
07fb
0004
3200
2fff
0b42
0018
06fe
3704
07fb
0004
7200
2fff
0b43
0034
0702
36fd
07fb
0004
2200
2fff
0b44
002d
0701
3704
07fb
0004
6200
2fff
0b45
003b
06fc
36fa
0975
0003
3200
2fff
0b46
0042
06fa
3704
0973
0003
7200
2f01
0b47
0042
0702
36fe
0973
0003
0200
2f01
0b48
003b
0704
3703
0973
0003
4200
2f01
0b49
0042
06f8
36fa
0975
0003
3200
2fff
0b4a
0034
0705
36fd
0975
0003
2200
2fff
0b4b
003b
06f8
3705
0973
0003
7200
2f01
0b4c
0114
0702
3700
6975
0003
4200
2fff
0b4d
011b
06fe
36fd
6975
0003
3200
2fff
0b4e
0114
0704
36fa
6975
0003
2200
2fff
0b4f
011b
06fb
3706
6975
0003
5200
2fff
0b50
0194
0727
46f5
e845
0007
3333
2d03
0b51
0194
073e
46f5
e845
0007
3333
2d03
0b52
0194
0754
46f5
e845
0007
3333
2d03
0b53
0194
06ab
470e
e847
0007
4333
2d03
0b54
0194
06c1
470e
e847
0007
4333
2d03
0b55
0194
06d8
470e
e847
0007
4333
2d03
0b56
0194
06ee
470e
e847
0007
4333
2d03
0b57
0194
0704
470e
e847
0007
4333
2d03
0b58
0194
06fb
470e
e845
0007
7333
2d03
0b59
0194
0711
470e
e845
0007
7333
2d03
0b5a
0194
0727
470e
e845
0007
7333
2d03
0b5b
0194
073e
470e
e845
0007
7333
2d03
0b5c
0194
0754
470e
e845
0007
7333
2d03
0b5d
018d
076c
06ef
49f9
0023
7333
2d02
0b5e
018d
0779
06ee
5172
0024
7333
2d02
0b5f
018d
0785
06ee
5172
0024
7333
2d02
0b60
018d
0792
06ef
49fa
0023
5333
2d02
0b61
018d
0693
06ef
49f9
0023
6333
2d02
0b62
018d
0686
06ee
5172
0024
6333
2d02
0b63
018d
067a
06ee
5172
0024
6333
2d02
0b64
018d
066d
06ef
49fa
0023
4333
2d02
0b65
0194
06ab
46f5
e847
0007
0333
2d03
0b66
0194
06c1
46f5
e847
0007
0333
2d03
0b67
0194
06d8
46f5
e847
0007
0333
2d03
0b68
0194
06ee
46f5
e847
0007
0333
2d03
0b69
0194
0704
46f5
e847
0007
0333
2d03
0b6a
0194
06fb
46f5
e845
0007
3333
2d03
0b6b
0194
0711
46f5
e845
0007
3333
2d03
0b6c
0186
069a
070f
587a
000d
431f
2c0e
0b6d
0186
06d1
070f
587a
000d
431f
2c0e
0b6e
0186
0708
070f
587a
000d
431f
2c0e
0b6f
0186
06f8
070f
586d
000d
731f
2c0e
0b70
0186
072f
070f
586d
000d
731f
2c0e
0b71
0186
0766
070f
586d
000d
731f
2c0e
0b72
017f
069a
06f0
5992
000d
031f
2cf2
0b73
017f
06d1
06f0
5992
000d
031f
2cf2
0b74
017f
0708
06f0
5992
000d
031f
2cf2
0b75
017f
06f8
06f0
5985
000d
331f
2cf2
0b76
017f
072f
06f0
5985
000d
331f
2cf2
0b77
017f
0766
06f0
5985
000d
331f
2cf2
0b78
0196
0677
5704
88f3
000f
630c
2c04
0b79
0196
072d
5704
88f3
000f
730c
2c04
0b7a
0186
0695
0710
587a
000d
42fa
2c0e
0b7b
0186
06cf
0710
587a
000d
42fa
2c0e
0b7c
0186
0709
0710
587a
000d
42fa
2c0e
0b7d
0186
06f7
0710
586d
000d
72fa
2c0e
0b7e
0186
0731
0710
586d
000d
72fa
2c0e
0b7f
0186
076b
0710
586d
000d
72fa
2c0e
0b80
017f
0695
06ef
5992
000d
02fa
2cf2
0b81
017f
06cf
06ef
5992
000d
02fa
2cf2
0b82
017f
0709
06ef
5992
000d
02fa
2cf2
0b83
017f
06f7
06ef
5985
000d
32fa
2cf2
0b84
017f
0731
06ef
5985
000d
32fa
2cf2
0b85
017f
076b
06ef
5985
000d
32fa
2cf2
0b86
021d
06f5
4711
eb06
0001
72e9
0b02
0b87
0196
06d5
5704
88f3
0010
62d8
2b04
0b88
0196
0753
5704
88f3
0010
72d8
2b04
0b89
0186
068f
0711
587a
000e
42c8
2b0e
0b8a
0186
06cc
0711
587a
000e
42c8
2b0e
0b8b
0186
0709
0711
587a
000e
42c8
2b0e
0b8c
0186
06f6
0711
586d
000e
72c8
2b0e
0b8d
0186
0733
0711
586d
000e
72c8
2b0e
0b8e
0186
0770
0711
586d
000e
72c8
2b0e
0b8f
017f
068f
06ee
5992
000e
02c8
2bf2
0b90
017f
06cc
06ee
5992
000e
02c8
2bf2
0b91
017f
0709
06ee
5992
000e
02c8
2bf2
0b92
017f
06f6
06ee
5985
000e
32c8
2bf2
0b93
017f
0733
06ee
5985
000e
32c8
2bf2
0b94
017f
0770
06ee
5985
000e
32c8
2bf2
0b95
0196
06f2
5704
88f3
0011
62b9
2b04
0b96
0196
070e
5704
88f3
0011
72b9
2b04
0b97
0186
0688
0712
587a
000f
429d
2a0e
0b98
0186
06c9
0712
587a
000f
429d
2a0e
0b99
0186
070a
0712
587a
000f
429d
2a0e
0b9a
0186
06f6
0712
586d
000f
729d
2a0e
0b9b
0186
0737
0712
586d
000f
729d
2a0e
0b9c
0186
0778
0712
586d
000f
729d
2a0e
0b9d
017f
0688
06ed
5992
000f
029d
2af2
0b9e
017f
06c9
06ed
5992
000f
029d
2af2
0b9f
017f
070a
06ed
5992
000f
029d
2af2
0ba0
017f
06f6
06ed
5985
000f
329d
2af2
0ba1
017f
0737
06ed
5985
000f
329d
2af2
0ba2
017f
0778
06ed
5985
000f
329d
2af2
0ba3
021d
06f4
4713
eb06
0001
728f
0a02
0ba4
0196
068e
5704
88f3
0012
628f
2a04
0ba5
0196
0784
5704
88f3
0012
728f
2a04
0ba6
0186
0681
0713
587a
0010
4276
2a0e
0ba7
0186
06c6
0713
587a
0010
4276
2a0e
0ba8
0186
070b
0713
587a
0010
4276
2a0e
0ba9
0186
06f5
0713
586d
0010
7276
2a0e
0baa
0186
073a
0713
586d
0010
7276
2a0e
0bab
0186
077f
0713
586d
0010
7276
2a0e
0bac
017f
0681
06ec
5992
0010
0276
2af2
0bad
017f
06c6
06ec
5992
0010
0276
2af2
0bae
017f
070b
06ec
5992
0010
0276
2af2
0baf
017f
06f5
06ec
5985
0010
3276
2af2
0bb0
017f
073a
06ec
5985
0010
3276
2af2
0bb1
017f
077f
06ec
5985
0010
3276
2af2
0bb2
0196
06f0
5704
8aa6
0014
6276
2a03
0bb3
0196
06bc
5705
88f3
0013
626a
2904
0bb4
0196
077a
5705
88f3
0013
726a
2904
0bb5
0185
0677
0715
587a
0011
4254
290e
0bb6
0185
06c1
0715
587a
0011
4254
290e
0bb7
0185
070b
0715
587a
0011
4254
290e
0bb8
0185
06f4
0715
586d
0011
7254
290e
0bb9
0185
073e
0715
586d
0011
7254
290e
0bba
0185
0788
0715
586d
0011
7254
290e
0bbb
017e
0677
06ea
5992
0011
0254
29f2
0bbc
017e
06c1
06ea
5992
0011
0254
29f2
0bbd
017e
070b
06ea
5992
0011
0254
29f2
0bbe
017e
06f4
06ea
5985
0011
3254
29f2
0bbf
017e
073e
06ea
5985
0011
3254
29f2
0bc0
017e
0788
06ea
5985
0011
3254
29f2
0bc1
021d
06f2
4716
eb06
0001
7249
0902
0bc2
0196
06fb
5705
88f3
0015
623f
2904
0bc3
0196
0749
5705
88f3
0015
723f
2904
0bc4
0185
066e
0716
587a
0012
422b
280e
0bc5
0185
06bd
0716
587a
0012
422b
280e
0bc6
0185
070c
0716
587a
0012
422b
280e
0bc7
0185
06f4
0716
586d
0012
722b
280e
0bc8
0185
0743
0716
586d
0012
722b
280e
0bc9
0185
0792
0716
586d
0012
722b
280e
0bca
017e
066e
06e9
5992
0012
022b
28f2
0bcb
017e
06bd
06e9
5992
0012
022b
28f2
0bcc
017e
070c
06e9
5992
0012
022b
28f2
0bcd
017e
06f4
06e9
5985
0012
322b
28f2
0bce
017e
0743
06e9
5985
0012
322b
28f2
0bcf
017e
0792
06e9
5985
0012
322b
28f2
0bd0
0196
06e2
5705
88f3
0017
6211
2804
0bd1
0196
0711
5705
88f3
0017
7211
2804
0bd2
0185
0661
0718
587a
0014
4200
280e
0bd3
0185
06b7
0718
587a
0014
4200
280e
0bd4
0185
070d
0718
587a
0014
4200
280e
0bd5
0185
06f2
0718
586d
0014
7200
280e
0bd6
0185
0748
0718
586d
0014
7200
280e
0bd7
0185
079e
0718
586d
0014
7200
280e
0bd8
017e
0661
06e7
5992
0014
0200
28f2
0bd9
017e
06b7
06e7
5992
0014
0200
28f2
0bda
017e
070d
06e7
5992
0014
0200
28f2
0bdb
017e
06f2
06e7
5985
0014
3200
28f2
0bdc
017e
0748
06e7
5985
0014
3200
28f2
0bdd
017e
079e
06e7
5985
0014
3200
28f2
0bde
021d
06f4
471a
eafd
0001
73e1
0803
0bdf
0196
06e7
5706
87d3
0019
63d2
2806
0be0
0196
0770
5706
87d3
0019
73d2
2806
0be1
0184
0650
0719
545c
0016
43a8
271a
0be2
0184
06ad
0719
545c
0016
43a8
271a
0be3
0184
070a
0719
545c
0016
43a8
271a
0be4
0184
06f6
0719
5443
0016
73a8
271a
0be5
0184
0753
0719
5443
0016
73a8
271a
0be6
0184
07b0
0719
5443
0016
73a8
271a
0be7
017d
0650
06e6
5879
0016
03a8
27e6
0be8
017d
06ad
06e6
5879
0016
03a8
27e6
0be9
017d
070a
06e6
5879
0016
03a8
27e6
0bea
017d
06f6
06e6
5860
0016
33a8
27e6
0beb
017d
0753
06e6
5860
0016
33a8
27e6
0bec
017d
07b0
06e6
5860
0016
33a8
27e6
0bed
0196
06b7
5706
87d3
001b
6382
2706
0bee
0196
073a
5706
87d3
001b
7382
2706
0bef
0184
06a5
071c
545c
0018
435e
271a
0bf0
0184
070b
071c
545c
0018
435e
271a
0bf1
0184
06f5
071c
5443
0018
735e
271a
0bf2
0184
075b
071c
5443
0018
735e
271a
0bf3
017d
06a5
06e3
5879
0018
035e
27e6
0bf4
017d
070b
06e3
5879
0018
035e
27e6
0bf5
017d
06f5
06e3
5860
0018
335e
27e6
0bf6
017d
075b
06e3
5860
0018
335e
27e6
0bf7
0196
0728
5706
8974
001f
7333
2606
0bf8
021d
06f1
471f
eafd
0001
7333
0603
0bf9
0183
069c
071f
545c
001a
430c
261a
0bfa
0183
070c
071f
545c
001a
430c
261a
0bfb
0183
06f3
071f
5443
001a
730c
261a
0bfc
0183
0763
071f
5443
001a
730c
261a
0bfd
017c
069c
06e0
5879
001a
030c
26e6
0bfe
017c
070c
06e0
5879
001a
030c
26e6
0bff
017c
06f3
06e0
5860
001a
330c
26e6
0c00
017c
0763
06e0
5860
001a
330c
26e6
0c01
0196
076a
5708
87d3
0021
72e0
2606
0c02
0182
0690
0722
545c
001e
42b9
251a
0c03
0182
070d
0722
545c
001e
42b9
251a
0c04
0182
06f2
0722
5443
001e
72b9
251a
0c05
0182
076f
0722
5443
001e
72b9
251a
0c06
017b
0690
06dd
5879
001e
02b9
25e6
0c07
017b
070d
06dd
5879
001e
02b9
25e6
0c08
017b
06f2
06dd
5860
001e
32b9
25e6
0c09
017b
076f
06dd
5860
001e
32b9
25e6
0c0a
021d
06ee
4725
eafd
0002
729d
0503
0c0b
0196
0693
5709
87d3
0025
6296
2506
0c0c
0196
07c4
5709
87d3
0025
7296
2506
0c0d
0182
0682
0727
545c
0021
426a
251a
0c0e
0182
070f
0727
545c
0021
426a
251a
0c0f
0182
06f0
0727
5443
0021
726a
251a
0c10
0182
077d
0727
5443
0021
726a
251a
0c11
017b
0682
06d8
5879
0021
026a
25e6
0c12
017b
070f
06d8
5879
0021
026a
25e6
0c13
017b
06f0
06d8
5860
0021
326a
25e6
0c14
017b
077d
06d8
5860
0021
326a
25e6
0c15
0196
06d1
570a
87d3
002a
6244
2406
0c16
0196
072e
570a
87d3
002a
7244
2406
0c17
0181
0711
072d
545c
0027
4219
241a
0c18
0181
06ee
072d
5443
0027
7219
241a
0c19
017a
0711
06d2
5879
0027
0219
24e6
0c1a
017a
06ee
06d2
5860
0027
3219
24e6
0c1b
021d
06f0
4732
eae5
0003
73e1
0404
0c1c
0181
0714
0735
545c
002d
41ca
231a
0c1d
0181
06eb
0735
5443
002d
71ca
231a
0c1e
017a
0714
06ca
5879
002d
01ca
23e6
0c1f
017a
06eb
06ca
5860
002d
31ca
23e6
0c20
0196
06d3
570b
8974
0038
61ca
2306
0c21
0181
0719
0740
545c
0037
4178
231a
0c22
0181
06e6
0740
5443
0037
7178
231a
0c23
017a
0719
06bf
5879
0037
0178
23e6
0c24
017a
06e6
06bf
5860
0037
3178
23e6
0c25
021d
06e8
474a
eae5
0004
72a4
0304
0c26
0196
06d6
5711
87d3
0049
6150
2306
0c27
0180
0721
0751
545c
0046
4128
221a
0c28
0180
06df
0751
5443
0046
7128
221a
0c29
0179
0721
06ae
5879
0046
0128
22e6
0c2a
0179
06df
06ae
5860
0046
3128
22e6
0c2b
0195
069f
4732
e875
0037
71e1
220c
0c2c
0196
0768
5716
87d3
0060
7100
2206
0c2d
0180
072c
076f
545c
0061
40d8
221a
0c2e
0180
06d3
076f
5443
0061
70d8
221a
0c2f
0179
072c
0690
5879
0061
00d8
22e6
0c30
0179
06d3
0690
5860
0061
30d8
22e6
0c31
021d
06d2
478d
eae5
0008
7160
0104
0b01
8000
0000
0000
0000
0000
0000
0000
0c33
0000
0000
0000
0000
0000
0000
0000
0c34
0000
0000
0000
0000
0000
0000
0000
0c35
0000
0000
0000
0000
0000
0000
0000
0c36
0000
0000
0000
0000
0000
0000
0000
0c37
0000
0000
0000
0000
0000
0000
0000
0c38
0000
0000
0000
0000
0000
0000
0000
0c39
0000
0000
0000
0000
0000
0000
0000
0c3a
0000
0000
0000
0000
0000
0000
0000
0c3b
0000
0000
0000
0000
0000
0000
0000
0c3c
0000
0000
0000
0000
0000
0000
0000
0c3d
0000
0000
0000
0000
0000
0000
0000
0c3e
0000
0000
0000
0000
0000
0000
0000
0c3f
0000
0000
0000
0000
0000
0000
0000
0c40
0000
0000
0000
0000
0000
0000
0000
0c41
0000
0000
0000
0000
0000
0000
0000
0c42
0000
0000
0000
0000
0000
0000
0000
0c43
0000
0000
0000
0000
0000
0000
0000
0c44
0000
0000
0000
0000
0000
0000
0000
0c45
0000
0000
0000
0000
0000
0000
0000
0c46
0000
0000
0000
0000
0000
0000
0000
0c47
0000
0000
0000
0000
0000
0000
0000
0c48
0000
0000
0000
0000
0000
0000
0000
0c49
0000
0000
0000
0000
0000
0000
0000
0c4a
0000
0000
0000
0000
0000
0000
0000
0c4b
0000
0000
0000
0000
0000
0000
0000
0c4c
0000
0000
0000
0000
0000
0000
0000
0c4d
0000
0000
0000
0000
0000
0000
0000
0c4e
0000
0000
0000
0000
0000
0000
0000
0c4f
0000
0000
0000
0000
0000
0000
0000
0c50
0000
0000
0000
0000
0000
0000
0000
0c51
0000
0000
0000
0000
0000
0000
0000
0c52
0000
0000
0000
0000
0000
0000
0000
0c53
0000
0000
0000
0000
0000
0000
0000
0c54
0000
0000
0000
0000
0000
0000
0000
0c55
0000
0000
0000
0000
0000
0000
0000
0c56
0000
0000
0000
0000
0000
0000
0000
0c57
0000
0000
0000
0000
0000
0000
0000
0c58
0000
0000
0000
0000
0000
0000
0000
0c59
0000
0000
0000
0000
0000
0000
0000
0c5a
0000
0000
0000
0000
0000
0000
0000
0c5b
0000
0000
0000
0000
0000
0000
0000
0c5c
0000
0000
0000
0000
0000
0000
0000
0c5d
0000
0000
0000
0000
0000
0000
0000
0c5e
0000
0000
0000
0000
0000
0000
0000
0c5f
0000
0000
0000
0000
0000
0000
0000
0c60
0000
0000
0000
0000
0000
0000
0000
0c61
0000
0000
0000
0000
0000
0000
0000
0c62
0000
0000
0000
0000
0000
0000
0000
0c63
0000
0000
0000
0000
0000
0000
0000
0c64
0000
0000
0000
0000
0000
0000
0000
0c65
0000
0000
0000
0000
0000
0000
0000
0c66
0000
0000
0000
0000
0000
0000
0000
0c67
0000
0000
0000
0000
0000
0000
0000
0c68
0000
0000
0000
0000
0000
0000
0000
0c69
0000
0000
0000
0000
0000
0000
0000
0c6a
0000
0000
0000
0000
0000
0000
0000
0c6b
0000
0000
0000
0000
0000
0000
0000
0c6c
0000
0000
0000
0000
0000
0000
0000
0c6d
0000
0000
0000
0000
0000
0000
0000
0c6e
0000
0000
0000
0000
0000
0000
0000
0c6f
0000
0000
0000
0000
0000
0000
0000
0c70
0000
0000
0000
0000
0000
0000
0000
0c71
0000
0000
0000
0000
0000
0000
0000
0c72
0000
0000
0000
0000
0000
0000
0000
0c73
0000
0000
0000
0000
0000
0000
0000
0c74
0000
0000
0000
0000
0000
0000
0000
0c75
0000
0000
0000
0000
0000
0000
0000
0c76
0000
0000
0000
0000
0000
0000
0000
0c77
0000
0000
0000
0000
0000
0000
0000
0c78
0000
0000
0000
0000
0000
0000
0000
0c79
0000
0000
0000
0000
0000
0000
0000
0c7a
0000
0000
0000
0000
0000
0000
0000
0c7b
0000
0000
0000
0000
0000
0000
0000
0c7c
0000
0000
0000
0000
0000
0000
0000
0c7d
0000
0000
0000
0000
0000
0000
0000
0c7e
0000
0000
0000
0000
0000
0000
0000
0c7f
0000
0000
0000
0000
0000
0000
0000
0c80
0000
0000
0000
0000
0000
0000
0000
0c81
0000
0000
0000
0000
0000
0000
0000
0c82
0000
0000
0000
0000
0000
0000
0000
0c83
0000
0000
0000
0000
0000
0000
0000
0c84
0000
0000
0000
0000
0000
0000
0000
0c85
0000
0000
0000
0000
0000
0000
0000
0c86
0000
0000
0000
0000
0000
0000
0000
0c87
0000
0000
0000
0000
0000
0000
0000
0c88
0000
0000
0000
0000
0000
0000
0000
0c89
0000
0000
0000
0000
0000
0000
0000
0c8a
0000
0000
0000
0000
0000
0000
0000
0c8b
0000
0000
0000
0000
0000
0000
0000
0c8c
0000
0000
0000
0000
0000
0000
0000
0c8d
0000
0000
0000
0000
0000
0000
0000
0c8e
0000
0000
0000
0000
0000
0000
0000
0c8f
0000
0000
0000
0000
0000
0000
0000
0c90
0000
0000
0000
0000
0000
0000
0000
0c91
0000
0000
0000
0000
0000
0000
0000
0c92
0000
0000
0000
0000
0000
0000
0000
0c93
0000
0000
0000
0000
0000
0000
0000
0c94
0000
0000
0000
0000
0000
0000
0000
0c95
0000
0000
0000
0000
0000
0000
0000
0c96
0000
0000
0000
0000
0000
0000
0000
0c97
0000
0000
0000
0000
0000
0000
0000
0c98
0000
0000
0000
0000
0000
0000
0000
0c99
0000
0000
0000
0000
0000
0000
0000
0c9a
0000
0000
0000
0000
0000
0000
0000
0c9b
0000
0000
0000
0000
0000
0000
0000
0c9c
0000
0000
0000
0000
0000
0000
0000
0c9d
0000
0000
0000
0000
0000
0000
0000
0c9e
0000
0000
0000
0000
0000
0000
0000
0c9f
0000
0000
0000
0000
0000
0000
0000
0ca0
0000
0000
0000
0000
0000
0000
0000
0ca1
0000
0000
0000
0000
0000
0000
0000
0ca2
0000
0000
0000
0000
0000
0000
0000
0ca3
0000
0000
0000
0000
0000
0000
0000
0ca4
0000
0000
0000
0000
0000
0000
0000
0ca5
0000
0000
0000
0000
0000
0000
0000
0ca6
0000
0000
0000
0000
0000
0000
0000
0ca7
0000
0000
0000
0000
0000
0000
0000
0ca8
0000
0000
0000
0000
0000
0000
0000
0ca9
0000
0000
0000
0000
0000
0000
0000
0caa
0000
0000
0000
0000
0000
0000
0000
0cab
0000
0000
0000
0000
0000
0000
0000
0cac
0000
0000
0000
0000
0000
0000
0000
0cad
0000
0000
0000
0000
0000
0000
0000
0cae
0000
0000
0000
0000
0000
0000
0000
0caf
0000
0000
0000
0000
0000
0000
0000
0cb0
0000
0000
0000
0000
0000
0000
0000
0cb1
0000
0000
0000
0000
0000
0000
0000
0cb2
0000
0000
0000
0000
0000
0000
0000
0cb3
0000
0000
0000
0000
0000
0000
0000
0cb4
0000
0000
0000
0000
0000
0000
0000
0cb5
0000
0000
0000
0000
0000
0000
0000
0cb6
0000
0000
0000
0000
0000
0000
0000
0cb7
0000
0000
0000
0000
0000
0000
0000
0cb8
0000
0000
0000
0000
0000
0000
0000
0cb9
0000
0000
0000
0000
0000
0000
0000
0cba
0000
0000
0000
0000
0000
0000
0000
0cbb
0000
0000
0000
0000
0000
0000
0000
0cbc
0000
0000
0000
0000
0000
0000
0000
0cbd
0000
0000
0000
0000
0000
0000
0000
0cbe
0000
0000
0000
0000
0000
0000
0000
0cbf
0000
0000
0000
0000
0000
0000
0000
0cc0
0000
0000
0000
0000
0000
0000
0000
0cc1
0000
0000
0000
0000
0000
0000
0000
0cc2
0000
0000
0000
0000
0000
0000
0000
0cc3
0000
0000
0000
0000
0000
0000
0000
0cc4
0000
0000
0000
0000
0000
0000
0000
0cc5
0000
0000
0000
0000
0000
0000
0000
0cc6
0000
0000
0000
0000
0000
0000
0000
0cc7
0000
0000
0000
0000
0000
0000
0000
0cc8
0000
0000
0000
0000
0000
0000
0000
0cc9
0000
0000
0000
0000
0000
0000
0000
0cca
0000
0000
0000
0000
0000
0000
0000
0ccb
0000
0000
0000
0000
0000
0000
0000
0ccc
0000
0000
0000
0000
0000
0000
0000
0ccd
0000
0000
0000
0000
0000
0000
0000
0cce
0000
0000
0000
0000
0000
0000
0000
0ccf
0000
0000
0000
0000
0000
0000
0000
0cd0
0000
0000
0000
0000
0000
0000
0000
0cd1
0000
0000
0000
0000
0000
0000
0000
0cd2
0000
0000
0000
0000
0000
0000
0000
0cd3
0000
0000
0000
0000
0000
0000
0000
0cd4
0000
0000
0000
0000
0000
0000
0000
0cd5
0000
0000
0000
0000
0000
0000
0000
0cd6
0000
0000
0000
0000
0000
0000
0000
0cd7
0000
0000
0000
0000
0000
0000
0000
0cd8
0000
0000
0000
0000
0000
0000
0000
0cd9
0000
0000
0000
0000
0000
0000
0000
0cda
0000
0000
0000
0000
0000
0000
0000
0cdb
0000
0000
0000
0000
0000
0000
0000
0cdc
0000
0000
0000
0000
0000
0000
0000
0cdd
0000
0000
0000
0000
0000
0000
0000
0cde
0000
0000
0000
0000
0000
0000
0000
0cdf
0000
0000
0000
0000
0000
0000
0000
0ce0
0000
0000
0000
0000
0000
0000
0000
0ce1
0000
0000
0000
0000
0000
0000
0000
0ce2
0000
0000
0000
0000
0000
0000
0000
0ce3
0000
0000
0000
0000
0000
0000
0000
0ce4
0000
0000
0000
0000
0000
0000
0000
0ce5
0000
0000
0000
0000
0000
0000
0000
0ce6
0000
0000
0000
0000
0000
0000
0000
0ce7
0000
0000
0000
0000
0000
0000
0000
0ce8
0000
0000
0000
0000
0000
0000
0000
0ce9
0000
0000
0000
0000
0000
0000
0000
0cea
0000
0000
0000
0000
0000
0000
0000
0ceb
0000
0000
0000
0000
0000
0000
0000
0cec
0000
0000
0000
0000
0000
0000
0000
0ced
0000
0000
0000
0000
0000
0000
0000
0cee
0000
0000
0000
0000
0000
0000
0000
0cef
0000
0000
0000
0000
0000
0000
0000
0cf0
0000
0000
0000
0000
0000
0000
0000
0cf1
0000
0000
0000
0000
0000
0000
0000
0cf2
0000
0000
0000
0000
0000
0000
0000
0cf3
0000
0000
0000
0000
0000
0000
0000
0cf4
0000
0000
0000
0000
0000
0000
0000
0cf5
0000
0000
0000
0000
0000
0000
0000
0cf6
0000
0000
0000
0000
0000
0000
0000
0cf7
0000
0000
0000
0000
0000
0000
0000
0cf8
0000
0000
0000
0000
0000
0000
0000
0cf9
0000
0000
0000
0000
0000
0000
0000
0cfa
0000
0000
0000
0000
0000
0000
0000
0cfb
0000
0000
0000
0000
0000
0000
0000
0cfc
0000
0000
0000
0000
0000
0000
0000
0cfd
0000
0000
0000
0000
0000
0000
0000
0cfe
0000
0000
0000
0000
0000
0000
0000
0cff
0000
0000
0000
0000
0000
0000
0000
0d00
0000
0000
0000
0000
0000
0000
0000
0d01
0000
0000
0000
0000
0000
0000
0000
0d02
0000
0000
0000
0000
0000
0000
0000
0d03
0000
0000
0000
0000
0000
0000
0000
0d04
0000
0000
0000
0000
0000
0000
0000
0d05
0000
0000
0000
0000
0000
0000
0000
0d06
0000
0000
0000
0000
0000
0000
0000
0d07
0000
0000
0000
0000
0000
0000
0000
0d08
0000
0000
0000
0000
0000
0000
0000
0d09
0000
0000
0000
0000
0000
0000
0000
0d0a
0000
0000
0000
0000
0000
0000
0000
0d0b
0000
0000
0000
0000
0000
0000
0000
0d0c
0000
0000
0000
0000
0000
0000
0000
0d0d
0000
0000
0000
0000
0000
0000
0000
0d0e
0000
0000
0000
0000
0000
0000
0000
0d0f
0000
0000
0000
0000
0000
0000
0000
0d10
0000
0000
0000
0000
0000
0000
0000
0d11
0000
0000
0000
0000
0000
0000
0000
0d12
0000
0000
0000
0000
0000
0000
0000
0d13
0000
0000
0000
0000
0000
0000
0000
0d14
0000
0000
0000
0000
0000
0000
0000
0d15
0000
0000
0000
0000
0000
0000
0000
0d16
0000
0000
0000
0000
0000
0000
0000
0d17
0000
0000
0000
0000
0000
0000
0000
0d18
0000
0000
0000
0000
0000
0000
0000
0d19
0000
0000
0000
0000
0000
0000
0000
0d1a
0000
0000
0000
0000
0000
0000
0000
0d1b
0000
0000
0000
0000
0000
0000
0000
0d1c
0000
0000
0000
0000
0000
0000
0000
0d1d
0000
0000
0000
0000
0000
0000
0000
0d1e
0000
0000
0000
0000
0000
0000
0000
0d1f
0000
0000
0000
0000
0000
0000
0000
0d20
0000
0000
0000
0000
0000
0000
0000
0d21
0000
0000
0000
0000
0000
0000
0000
0d22
0000
0000
0000
0000
0000
0000
0000
0d23
0000
0000
0000
0000
0000
0000
0000
0d24
0000
0000
0000
0000
0000
0000
0000
0d25
0000
0000
0000
0000
0000
0000
0000
0d26
0000
0000
0000
0000
0000
0000
0000
0d27
0000
0000
0000
0000
0000
0000
0000
0d28
0000
0000
0000
0000
0000
0000
0000
0d29
0000
0000
0000
0000
0000
0000
0000
0d2a
0000
0000
0000
0000
0000
0000
0000
0d2b
0000
0000
0000
0000
0000
0000
0000
0d2c
0000
0000
0000
0000
0000
0000
0000
0d2d
0000
0000
0000
0000
0000
0000
0000
0d2e
0000
0000
0000
0000
0000
0000
0000
0d2f
0000
0000
0000
0000
0000
0000
0000
0d30
0000
0000
0000
0000
0000
0000
0000
0d31
0000
0000
0000
0000
0000
0000
0000
0d32
0000
0000
0000
0000
0000
0000
0000
0d33
0000
0000
0000
0000
0000
0000
0000
0d34
0000
0000
0000
0000
0000
0000
0000
0d35
0000
0000
0000
0000
0000
0000
0000
0d36
0000
0000
0000
0000
0000
0000
0000
0d37
0000
0000
0000
0000
0000
0000
0000
0d38
0000
0000
0000
0000
0000
0000
0000
0d39
0000
0000
0000
0000
0000
0000
0000
0d3a
0000
0000
0000
0000
0000
0000
0000
0d3b
0000
0000
0000
0000
0000
0000
0000
0d3c
0000
0000
0000
0000
0000
0000
0000
0d3d
0000
0000
0000
0000
0000
0000
0000
0d3e
0000
0000
0000
0000
0000
0000
0000
0d3f
0000
0000
0000
0000
0000
0000
0000
0d40
0000
0000
0000
0000
0000
0000
0000
0d41
0000
0000
0000
0000
0000
0000
0000
0d42
0000
0000
0000
0000
0000
0000
0000
0d43
0000
0000
0000
0000
0000
0000
0000
0d44
0000
0000
0000
0000
0000
0000
0000
0d45
0000
0000
0000
0000
0000
0000
0000
0d46
0000
0000
0000
0000
0000
0000
0000
0d47
0000
0000
0000
0000
0000
0000
0000
0d48
0000
0000
0000
0000
0000
0000
0000
0d49
0000
0000
0000
0000
0000
0000
0000
0d4a
0000
0000
0000
0000
0000
0000
0000
0d4b
0000
0000
0000
0000
0000
0000
0000
0d4c
0000
0000
0000
0000
0000
0000
0000
0d4d
0000
0000
0000
0000
0000
0000
0000
0d4e
0000
0000
0000
0000
0000
0000
0000
0d4f
0000
0000
0000
0000
0000
0000
0000
0d50
0000
0000
0000
0000
0000
0000
0000
0d51
0000
0000
0000
0000
0000
0000
0000
0d52
0000
0000
0000
0000
0000
0000
0000
0d53
0000
0000
0000
0000
0000
0000
0000
0d54
0000
0000
0000
0000
0000
0000
0000
0d55
0000
0000
0000
0000
0000
0000
0000
0d56
0000
0000
0000
0000
0000
0000
0000
0d57
0000
0000
0000
0000
0000
0000
0000
0d58
0000
0000
0000
0000
0000
0000
0000
0d59
0000
0000
0000
0000
0000
0000
0000
0d5a
0000
0000
0000
0000
0000
0000
0000
0d5b
0000
0000
0000
0000
0000
0000
0000
0d5c
0000
0000
0000
0000
0000
0000
0000
0d5d
0000
0000
0000
0000
0000
0000
0000
0d5e
0000
0000
0000
0000
0000
0000
0000
0d5f
0000
0000
0000
0000
0000
0000
0000
0d60
0000
0000
0000
0000
0000
0000
0000
0d61
0000
0000
0000
0000
0000
0000
0000
0d62
0000
0000
0000
0000
0000
0000
0000
0d63
0000
0000
0000
0000
0000
0000
0000
0d64
0000
0000
0000
0000
0000
0000
0000
0d65
0000
0000
0000
0000
0000
0000
0000
0d66
0000
0000
0000
0000
0000
0000
0000
0d67
0000
0000
0000
0000
0000
0000
0000
0d68
0000
0000
0000
0000
0000
0000
0000
0d69
0000
0000
0000
0000
0000
0000
0000
0d6a
0000
0000
0000
0000
0000
0000
0000
0d6b
0000
0000
0000
0000
0000
0000
0000
0d6c
0000
0000
0000
0000
0000
0000
0000
0d6d
0000
0000
0000
0000
0000
0000
0000
0d6e
0000
0000
0000
0000
0000
0000
0000
0d6f
0000
0000
0000
0000
0000
0000
0000
0d70
0000
0000
0000
0000
0000
0000
0000
0d71
0000
0000
0000
0000
0000
0000
0000
0d72
0000
0000
0000
0000
0000
0000
0000
0d73
0000
0000
0000
0000
0000
0000
0000
0d74
0000
0000
0000
0000
0000
0000
0000
0d75
0000
0000
0000
0000
0000
0000
0000
0d76
0000
0000
0000
0000
0000
0000
0000
0d77
0000
0000
0000
0000
0000
0000
0000
0d78
0000
0000
0000
0000
0000
0000
0000
0d79
0000
0000
0000
0000
0000
0000
0000
0d7a
0000
0000
0000
0000
0000
0000
0000
0d7b
0000
0000
0000
0000
0000
0000
0000
0d7c
0000
0000
0000
0000
0000
0000
0000
0d7d
0000
0000
0000
0000
0000
0000
0000
0d7e
0000
0000
0000
0000
0000
0000
0000
0d7f
0000
0000
0000
0000
0000
0000
0000
0d80
0243
06c8
072e
9afb
0061
0200
0ff9
0d81
0243
0724
072a
9ea3
009c
0200
0ffa
0d82
0243
0720
06fe
a16e
0078
3200
0ffa
0d83
0011
06f4
26f7
b4c2
0012
728f
2f02
0d84
000a
0702
26ff
aac6
000a
7200
2f01
0d85
000a
06fc
2707
b1bc
0006
7200
2f01
0d86
000a
0702
2700
aac6
000a
3200
2f01
0d87
000a
06fc
26f8
b1bc
0006
3200
2f01
0d88
000a
06fd
26ff
aac6
000a
6200
2f01
0d89
000a
0703
2707
b1bc
0006
6200
2f01
0d8a
000a
06fd
2700
aac6
000a
2200
2f01
0d8b
000a
0703
26f8
b1bc
0006
2200
2f01
0d8c
0011
06fd
26ff
b4fd
0002
7400
2f01
0d8d
0011
0702
26ff
b4fd
0002
4400
2f01
0d8e
0011
06fc
2700
b4fd
0002
7400
2f01
0d8f
0011
0703
2700
b4fd
0002
4400
2f01
0d90
0011
06fc
26ff
b501
0002
3400
2fff
0d91
0011
0703
26ff
b501
0002
0400
2fff
0d92
0011
0702
2701
b4fd
0003
4333
2f01
0d93
0011
06fd
2701
b4fd
0003
7333
2f01
0d94
0011
0702
26fe
b501
0003
0333
2fff
0d95
0011
06fd
26fe
b501
0003
3333
2fff
0d96
0011
06fb
2702
b4fd
0003
7333
2f01
0d97
0011
06fb
26fd
b501
0003
3333
2fff
0d98
0049
06fc
36ff
0f94
0003
7400
2f01
0d99
0011
06fe
26ff
b4fd
0003
7333
2f01
0d9a
0011
0701
26ff
b4fd
0003
4333
2f01
0d9b
0011
0700
26ff
b4fd
0003
7333
2f01
0d9c
0011
06ff
26ff
b4fd
0003
4333
2f01
0d9d
0011
0700
2701
b4fd
0003
7333
2f01
0d9e
0011
0700
2701
b4fd
0003
4333
2f01
0d9f
0011
0700
26fe
b501
0003
3333
2fff
0da0
0011
0700
26fe
b501
0003
0333
2fff
0da1
0011
06fd
2704
b4fd
0003
7333
2f01
0da2
0011
06fd
26fc
b501
0003
3333
2fff
0da3
0011
0702
26fc
b501
0003
0333
2fff
0da4
0011
0702
2704
b4fd
0003
4333
2f01
0da5
0011
06fb
2704
b4fd
0003
7333
2f01
0da6
0011
06fb
26fb
b501
0003
3333
2fff
0da7
0011
0700
2704
b4fd
0003
7333
2f01
0da8
0011
0700
26fc
b501
0003
3333
2fff
0da9
0011
0700
26fc
b501
0003
0333
2fff
0daa
0011
0700
2704
b4fd
0003
4333
2f01
0dab
0011
0701
2705
b4fd
0003
7333
2f01
0dac
0011
0701
26fa
b501
0003
3333
2fff
0dad
0011
06fe
26fa
b501
0003
0333
2fff
0dae
0011
06fe
2705
b4fd
0003
4333
2f01
0daf
0011
0702
2702
b4fd
0003
7333
2f01
0db0
0011
0702
26fd
b501
0003
3333
2fff
0db1
0011
06fd
26fd
b501
0003
0333
2fff
0db2
0011
06fd
2702
b4fd
0003
4333
2f01
0db3
0011
06fe
2706
b4fd
0003
7333
2f01
0db4
0011
0701
2706
b4fd
0003
4333
2f01
0db5
0011
06fe
26f9
b501
0003
3333
2fff
0db6
0011
0701
26f9
b501
0003
0333
2fff
0db7
0011
06fc
2706
b4fd
0003
7333
2f01
0db8
0011
06fc
26f9
b501
0003
3333
2fff
0db9
0011
0703
26f9
b501
0003
0333
2fff
0dba
0011
0703
2706
b4fd
0003
4333
2f01
0dbb
0011
0702
26ff
b501
0003
3333
2fff
0dbc
0011
0702
26ff
b4fd
0003
7333
2f01
0dbd
0011
0702
2701
b4fd
0003
7333
2f01
0dbe
0011
06fe
26ff
b501
0003
0333
2fff
0dbf
0011
06fd
26ff
b4fd
0003
4333
2f01
0dc0
0011
06fe
2701
b4fd
0003
4333
2f01
0dc1
0026
06fe
36fd
07fb
0004
3200
2fff
0dc2
0018
06fe
3704
07fb
0004
7200
2fff
0dc3
0034
0702
36fd
07fb
0004
2200
2fff
0dc4
002d
0701
3704
07fb
0004
6200
2fff
0dc5
003b
06fc
36fa
0975
0003
3200
2fff
0dc6
0042
06fa
3704
0973
0003
7200
2f01
0dc7
0042
0702
36fe
0973
0003
0200
2f01
0dc8
003b
0704
3703
0973
0003
4200
2f01
0dc9
0042
06f8
36fa
0975
0003
3200
2fff
0dca
0034
0705
36fd
0975
0003
2200
2fff
0dcb
003b
06f8
3705
0973
0003
7200
2f01
0dcc
0114
0702
3700
6975
0003
4200
2fff
0dcd
011b
06fe
36fd
6975
0003
3200
2fff
0dce
0114
0704
36fa
6975
0003
2200
2fff
0dcf
011b
06fb
3706
6975
0003
5200
2fff
0dd0
0194
0727
46f5
e845
0007
3333
2d03
0dd1
0194
073e
46f5
e845
0007
3333
2d03
0dd2
0194
0754
46f5
e845
0007
3333
2d03
0dd3
0194
06ab
470e
e847
0007
4333
2d03
0dd4
0194
06c1
470e
e847
0007
4333
2d03
0dd5
0194
06d8
470e
e847
0007
4333
2d03
0dd6
0194
06ee
470e
e847
0007
4333
2d03
0dd7
0194
0704
470e
e847
0007
4333
2d03
0dd8
0194
06fb
470e
e845
0007
7333
2d03
0dd9
0194
0711
470e
e845
0007
7333
2d03
0dda
0194
0727
470e
e845
0007
7333
2d03
0ddb
0194
073e
470e
e845
0007
7333
2d03
0ddc
0194
0754
470e
e845
0007
7333
2d03
0ddd
018d
076c
06ef
49f9
0023
7333
2d02
0dde
018d
0779
06ee
5172
0024
7333
2d02
0ddf
018d
0785
06ee
5172
0024
7333
2d02
0de0
018d
0792
06ef
49fa
0023
5333
2d02
0de1
018d
0693
06ef
49f9
0023
6333
2d02
0de2
018d
0686
06ee
5172
0024
6333
2d02
0de3
018d
067a
06ee
5172
0024
6333
2d02
0de4
018d
066d
06ef
49fa
0023
4333
2d02
0de5
0194
06ab
46f5
e847
0007
0333
2d03
0de6
0194
06c1
46f5
e847
0007
0333
2d03
0de7
0194
06d8
46f5
e847
0007
0333
2d03
0de8
0194
06ee
46f5
e847
0007
0333
2d03
0de9
0194
0704
46f5
e847
0007
0333
2d03
0dea
0194
06fb
46f5
e845
0007
3333
2d03
0deb
0194
0711
46f5
e845
0007
3333
2d03
0dec
0186
069a
070f
587a
000d
431f
2c0e
0ded
0186
06d1
070f
587a
000d
431f
2c0e
0dee
0186
0708
070f
587a
000d
431f
2c0e
0def
0186
06f8
070f
586d
000d
731f
2c0e
0df0
0186
072f
070f
586d
000d
731f
2c0e
0df1
0186
0766
070f
586d
000d
731f
2c0e
0df2
017f
069a
06f0
5992
000d
031f
2cf2
0df3
017f
06d1
06f0
5992
000d
031f
2cf2
0df4
017f
0708
06f0
5992
000d
031f
2cf2
0df5
017f
06f8
06f0
5985
000d
331f
2cf2
0df6
017f
072f
06f0
5985
000d
331f
2cf2
0df7
017f
0766
06f0
5985
000d
331f
2cf2
0df8
0196
0677
5704
88f3
000f
630c
2c04
0df9
0196
072d
5704
88f3
000f
730c
2c04
0dfa
0186
0695
0710
587a
000d
42fa
2c0e
0dfb
0186
06cf
0710
587a
000d
42fa
2c0e
0dfc
0186
0709
0710
587a
000d
42fa
2c0e
0dfd
0186
06f7
0710
586d
000d
72fa
2c0e
0dfe
0186
0731
0710
586d
000d
72fa
2c0e
0dff
0186
076b
0710
586d
000d
72fa
2c0e
0e00
017f
0695
06ef
5992
000d
02fa
2cf2
0e01
017f
06cf
06ef
5992
000d
02fa
2cf2
0e02
017f
0709
06ef
5992
000d
02fa
2cf2
0e03
017f
06f7
06ef
5985
000d
32fa
2cf2
0e04
017f
0731
06ef
5985
000d
32fa
2cf2
0e05
017f
076b
06ef
5985
000d
32fa
2cf2
0e06
021d
06f5
4711
eb06
0001
72e9
0b02
0e07
0196
06d5
5704
88f3
0010
62d8
2b04
0e08
0196
0753
5704
88f3
0010
72d8
2b04
0e09
0186
068f
0711
587a
000e
42c8
2b0e
0e0a
0186
06cc
0711
587a
000e
42c8
2b0e
0e0b
0186
0709
0711
587a
000e
42c8
2b0e
0e0c
0186
06f6
0711
586d
000e
72c8
2b0e
0e0d
0186
0733
0711
586d
000e
72c8
2b0e
0e0e
0186
0770
0711
586d
000e
72c8
2b0e
0e0f
017f
068f
06ee
5992
000e
02c8
2bf2
0e10
017f
06cc
06ee
5992
000e
02c8
2bf2
0e11
017f
0709
06ee
5992
000e
02c8
2bf2
0e12
017f
06f6
06ee
5985
000e
32c8
2bf2
0e13
017f
0733
06ee
5985
000e
32c8
2bf2
0e14
017f
0770
06ee
5985
000e
32c8
2bf2
0e15
0196
06f2
5704
88f3
0011
62b9
2b04
0e16
0196
070e
5704
88f3
0011
72b9
2b04
0e17
0186
0688
0712
587a
000f
429d
2a0e
0e18
0186
06c9
0712
587a
000f
429d
2a0e
0e19
0186
070a
0712
587a
000f
429d
2a0e
0e1a
0186
06f6
0712
586d
000f
729d
2a0e
0e1b
0186
0737
0712
586d
000f
729d
2a0e
0e1c
0186
0778
0712
586d
000f
729d
2a0e
0e1d
017f
0688
06ed
5992
000f
029d
2af2
0e1e
017f
06c9
06ed
5992
000f
029d
2af2
0e1f
017f
070a
06ed
5992
000f
029d
2af2
0e20
017f
06f6
06ed
5985
000f
329d
2af2
0e21
017f
0737
06ed
5985
000f
329d
2af2
0e22
017f
0778
06ed
5985
000f
329d
2af2
0e23
021d
06f4
4713
eb06
0001
728f
0a02
0e24
0196
068e
5704
88f3
0012
628f
2a04
0e25
0196
0784
5704
88f3
0012
728f
2a04
0e26
0186
0681
0713
587a
0010
4276
2a0e
0e27
0186
06c6
0713
587a
0010
4276
2a0e
0e28
0186
070b
0713
587a
0010
4276
2a0e
0e29
0186
06f5
0713
586d
0010
7276
2a0e
0e2a
0186
073a
0713
586d
0010
7276
2a0e
0e2b
0186
077f
0713
586d
0010
7276
2a0e
0e2c
017f
0681
06ec
5992
0010
0276
2af2
0e2d
017f
06c6
06ec
5992
0010
0276
2af2
0e2e
017f
070b
06ec
5992
0010
0276
2af2
0e2f
017f
06f5
06ec
5985
0010
3276
2af2
0e30
017f
073a
06ec
5985
0010
3276
2af2
0e31
017f
077f
06ec
5985
0010
3276
2af2
0e32
0196
06f0
5704
8aa6
0014
6276
2a03
0e33
0196
06bc
5705
88f3
0013
626a
2904
0e34
0196
077a
5705
88f3
0013
726a
2904
0e35
0185
0677
0715
587a
0011
4254
290e
0e36
0185
06c1
0715
587a
0011
4254
290e
0e37
0185
070b
0715
587a
0011
4254
290e
0e38
0185
06f4
0715
586d
0011
7254
290e
0e39
0185
073e
0715
586d
0011
7254
290e
0e3a
0185
0788
0715
586d
0011
7254
290e
0e3b
017e
0677
06ea
5992
0011
0254
29f2
0e3c
017e
06c1
06ea
5992
0011
0254
29f2
0e3d
017e
070b
06ea
5992
0011
0254
29f2
0e3e
017e
06f4
06ea
5985
0011
3254
29f2
0e3f
017e
073e
06ea
5985
0011
3254
29f2
0e40
017e
0788
06ea
5985
0011
3254
29f2
0e41
021d
06f2
4716
eb06
0001
7249
0902
0e42
0196
06fb
5705
88f3
0015
623f
2904
0e43
0196
0749
5705
88f3
0015
723f
2904
0e44
0185
066e
0716
587a
0012
422b
280e
0e45
0185
06bd
0716
587a
0012
422b
280e
0e46
0185
070c
0716
587a
0012
422b
280e
0e47
0185
06f4
0716
586d
0012
722b
280e
0e48
0185
0743
0716
586d
0012
722b
280e
0e49
0185
0792
0716
586d
0012
722b
280e
0e4a
017e
066e
06e9
5992
0012
022b
28f2
0e4b
017e
06bd
06e9
5992
0012
022b
28f2
0e4c
017e
070c
06e9
5992
0012
022b
28f2
0e4d
017e
06f4
06e9
5985
0012
322b
28f2
0e4e
017e
0743
06e9
5985
0012
322b
28f2
0e4f
017e
0792
06e9
5985
0012
322b
28f2
0e50
0196
06e2
5705
88f3
0017
6211
2804
0e51
0196
0711
5705
88f3
0017
7211
2804
0e52
0185
0661
0718
587a
0014
4200
280e
0e53
0185
06b7
0718
587a
0014
4200
280e
0e54
0185
070d
0718
587a
0014
4200
280e
0e55
0185
06f2
0718
586d
0014
7200
280e
0e56
0185
0748
0718
586d
0014
7200
280e
0e57
0185
079e
0718
586d
0014
7200
280e
0e58
017e
0661
06e7
5992
0014
0200
28f2
0e59
017e
06b7
06e7
5992
0014
0200
28f2
0e5a
017e
070d
06e7
5992
0014
0200
28f2
0e5b
017e
06f2
06e7
5985
0014
3200
28f2
0e5c
017e
0748
06e7
5985
0014
3200
28f2
0e5d
017e
079e
06e7
5985
0014
3200
28f2
0e5e
021d
06f4
471a
eafd
0001
73e1
0803
0e5f
0196
06e7
5706
87d3
0019
63d2
2806
0e60
0196
0770
5706
87d3
0019
73d2
2806
0e61
0184
0650
0719
545c
0016
43a8
271a
0e62
0184
06ad
0719
545c
0016
43a8
271a
0e63
0184
070a
0719
545c
0016
43a8
271a
0e64
0184
06f6
0719
5443
0016
73a8
271a
0e65
0184
0753
0719
5443
0016
73a8
271a
0e66
0184
07b0
0719
5443
0016
73a8
271a
0e67
017d
0650
06e6
5879
0016
03a8
27e6
0e68
017d
06ad
06e6
5879
0016
03a8
27e6
0e69
017d
070a
06e6
5879
0016
03a8
27e6
0e6a
017d
06f6
06e6
5860
0016
33a8
27e6
0e6b
017d
0753
06e6
5860
0016
33a8
27e6
0e6c
017d
07b0
06e6
5860
0016
33a8
27e6
0e6d
0196
06b7
5706
87d3
001b
6382
2706
0e6e
0196
073a
5706
87d3
001b
7382
2706
0e6f
0184
06a5
071c
545c
0018
435e
271a
0e70
0184
070b
071c
545c
0018
435e
271a
0e71
0184
06f5
071c
5443
0018
735e
271a
0e72
0184
075b
071c
5443
0018
735e
271a
0e73
017d
06a5
06e3
5879
0018
035e
27e6
0e74
017d
070b
06e3
5879
0018
035e
27e6
0e75
017d
06f5
06e3
5860
0018
335e
27e6
0e76
017d
075b
06e3
5860
0018
335e
27e6
0e77
0196
0728
5706
8974
001f
7333
2606
0e78
021d
06f1
471f
eafd
0001
7333
0603
0e79
0183
069c
071f
545c
001a
430c
261a
0e7a
0183
070c
071f
545c
001a
430c
261a
0e7b
0183
06f3
071f
5443
001a
730c
261a
0e7c
0183
0763
071f
5443
001a
730c
261a
0e7d
017c
069c
06e0
5879
001a
030c
26e6
0e7e
017c
070c
06e0
5879
001a
030c
26e6
0e7f
017c
06f3
06e0
5860
001a
330c
26e6
0e80
017c
0763
06e0
5860
001a
330c
26e6
0e81
0196
076a
5708
87d3
0021
72e0
2606
0e82
0182
0690
0722
545c
001e
42b9
251a
0e83
0182
070d
0722
545c
001e
42b9
251a
0e84
0182
06f2
0722
5443
001e
72b9
251a
0e85
0182
076f
0722
5443
001e
72b9
251a
0e86
017b
0690
06dd
5879
001e
02b9
25e6
0e87
017b
070d
06dd
5879
001e
02b9
25e6
0e88
017b
06f2
06dd
5860
001e
32b9
25e6
0e89
017b
076f
06dd
5860
001e
32b9
25e6
0e8a
021d
06ee
4725
eafd
0002
729d
0503
0e8b
0196
0693
5709
87d3
0025
6296
2506
0e8c
0196
07c4
5709
87d3
0025
7296
2506
0e8d
0182
0682
0727
545c
0021
426a
251a
0e8e
0182
070f
0727
545c
0021
426a
251a
0e8f
0182
06f0
0727
5443
0021
726a
251a
0e90
0182
077d
0727
5443
0021
726a
251a
0e91
017b
0682
06d8
5879
0021
026a
25e6
0e92
017b
070f
06d8
5879
0021
026a
25e6
0e93
017b
06f0
06d8
5860
0021
326a
25e6
0e94
017b
077d
06d8
5860
0021
326a
25e6
0e95
0196
06d1
570a
87d3
002a
6244
2406
0e96
0196
072e
570a
87d3
002a
7244
2406
0e97
0181
0711
072d
545c
0027
4219
241a
0e98
0181
06ee
072d
5443
0027
7219
241a
0e99
017a
0711
06d2
5879
0027
0219
24e6
0e9a
017a
06ee
06d2
5860
0027
3219
24e6
0e9b
021d
06f0
4732
eae5
0003
73e1
0404
0e9c
0181
0714
0735
545c
002d
41ca
231a
0e9d
0181
06eb
0735
5443
002d
71ca
231a
0e9e
017a
0714
06ca
5879
002d
01ca
23e6
0e9f
017a
06eb
06ca
5860
002d
31ca
23e6
0ea0
0196
06d3
570b
8974
0038
61ca
2306
0ea1
0181
0719
0740
545c
0037
4178
231a
0ea2
0181
06e6
0740
5443
0037
7178
231a
0ea3
017a
0719
06bf
5879
0037
0178
23e6
0ea4
017a
06e6
06bf
5860
0037
3178
23e6
0ea5
021d
06e8
474a
eae5
0004
72a4
0304
0ea6
0196
06d6
5711
87d3
0049
6150
2306
0ea7
0180
0721
0751
545c
0046
4128
221a
0ea8
0180
06df
0751
5443
0046
7128
221a
0ea9
0179
0721
06ae
5879
0046
0128
22e6
0eaa
0179
06df
06ae
5860
0046
3128
22e6
0eab
0195
069f
4732
e875
0037
71e1
220c
0eac
0196
0768
5716
87d3
0060
7100
2206
0ead
0180
072c
076f
545c
0061
40d8
221a
0eae
0180
06d3
076f
5443
0061
70d8
221a
0eaf
0179
072c
0690
5879
0061
00d8
22e6
0eb0
0179
06d3
0690
5860
0061
30d8
22e6
0eb1
021d
06d2
478d
eae5
0008
7160
0104
0eb2
8000
0000
0000
0000
0000
0000
0000
0eb3
0000
0000
0000
0000
0000
0000
0000
0eb4
0000
0000
0000
0000
0000
0000
0000
0eb5
0000
0000
0000
0000
0000
0000
0000
0eb6
0000
0000
0000
0000
0000
0000
0000
0eb7
0000
0000
0000
0000
0000
0000
0000
0eb8
0000
0000
0000
0000
0000
0000
0000
0eb9
0000
0000
0000
0000
0000
0000
0000
0eba
0000
0000
0000
0000
0000
0000
0000
0ebb
0000
0000
0000
0000
0000
0000
0000
0ebc
0000
0000
0000
0000
0000
0000
0000
0ebd
0000
0000
0000
0000
0000
0000
0000
0ebe
0000
0000
0000
0000
0000
0000
0000
0ebf
0000
0000
0000
0000
0000
0000
0000
0ec0
0000
0000
0000
0000
0000
0000
0000
0ec1
0000
0000
0000
0000
0000
0000
0000
0ec2
0000
0000
0000
0000
0000
0000
0000
0ec3
0000
0000
0000
0000
0000
0000
0000
0ec4
0000
0000
0000
0000
0000
0000
0000
0ec5
0000
0000
0000
0000
0000
0000
0000
0ec6
0000
0000
0000
0000
0000
0000
0000
0ec7
0000
0000
0000
0000
0000
0000
0000
0ec8
0000
0000
0000
0000
0000
0000
0000
0ec9
0000
0000
0000
0000
0000
0000
0000
0eca
0000
0000
0000
0000
0000
0000
0000
0ecb
0000
0000
0000
0000
0000
0000
0000
0ecc
0000
0000
0000
0000
0000
0000
0000
0ecd
0000
0000
0000
0000
0000
0000
0000
0ece
0000
0000
0000
0000
0000
0000
0000
0ecf
0000
0000
0000
0000
0000
0000
0000
0ed0
0000
0000
0000
0000
0000
0000
0000
0ed1
0000
0000
0000
0000
0000
0000
0000
0ed2
0000
0000
0000
0000
0000
0000
0000
0ed3
0000
0000
0000
0000
0000
0000
0000
0ed4
0000
0000
0000
0000
0000
0000
0000
0ed5
0000
0000
0000
0000
0000
0000
0000
0ed6
0000
0000
0000
0000
0000
0000
0000
0ed7
0000
0000
0000
0000
0000
0000
0000
0ed8
0000
0000
0000
0000
0000
0000
0000
0ed9
0000
0000
0000
0000
0000
0000
0000
0eda
0000
0000
0000
0000
0000
0000
0000
0edb
0000
0000
0000
0000
0000
0000
0000
0edc
0000
0000
0000
0000
0000
0000
0000
0edd
0000
0000
0000
0000
0000
0000
0000
0ede
0000
0000
0000
0000
0000
0000
0000
0edf
0000
0000
0000
0000
0000
0000
0000
0ee0
0000
0000
0000
0000
0000
0000
0000
0ee1
0000
0000
0000
0000
0000
0000
0000
0ee2
0000
0000
0000
0000
0000
0000
0000
0ee3
0000
0000
0000
0000
0000
0000
0000
0ee4
0000
0000
0000
0000
0000
0000
0000
0ee5
0000
0000
0000
0000
0000
0000
0000
0ee6
0000
0000
0000
0000
0000
0000
0000
0ee7
0000
0000
0000
0000
0000
0000
0000
0ee8
0000
0000
0000
0000
0000
0000
0000
0ee9
0000
0000
0000
0000
0000
0000
0000
0eea
0000
0000
0000
0000
0000
0000
0000
0eeb
0000
0000
0000
0000
0000
0000
0000
0eec
0000
0000
0000
0000
0000
0000
0000
0eed
0000
0000
0000
0000
0000
0000
0000
0eee
0000
0000
0000
0000
0000
0000
0000
0eef
0000
0000
0000
0000
0000
0000
0000
0ef0
0000
0000
0000
0000
0000
0000
0000
0ef1
0000
0000
0000
0000
0000
0000
0000
0ef2
0000
0000
0000
0000
0000
0000
0000
0ef3
0000
0000
0000
0000
0000
0000
0000
0ef4
0000
0000
0000
0000
0000
0000
0000
0ef5
0000
0000
0000
0000
0000
0000
0000
0ef6
0000
0000
0000
0000
0000
0000
0000
0ef7
0000
0000
0000
0000
0000
0000
0000
0ef8
0000
0000
0000
0000
0000
0000
0000
0ef9
0000
0000
0000
0000
0000
0000
0000
0efa
0000
0000
0000
0000
0000
0000
0000
0efb
0000
0000
0000
0000
0000
0000
0000
0efc
0000
0000
0000
0000
0000
0000
0000
0efd
0000
0000
0000
0000
0000
0000
0000
0efe
0000
0000
0000
0000
0000
0000
0000
0eff
0000
0000
0000
0000
0000
0000
0000
0f00
0000
0000
0000
0000
0000
0000
0000
0f01
0000
0000
0000
0000
0000
0000
0000
0f02
0000
0000
0000
0000
0000
0000
0000
0f03
0000
0000
0000
0000
0000
0000
0000
0f04
0000
0000
0000
0000
0000
0000
0000
0f05
0000
0000
0000
0000
0000
0000
0000
0f06
0000
0000
0000
0000
0000
0000
0000
0f07
0000
0000
0000
0000
0000
0000
0000
0f08
0000
0000
0000
0000
0000
0000
0000
0f09
0000
0000
0000
0000
0000
0000
0000
0f0a
0000
0000
0000
0000
0000
0000
0000
0f0b
0000
0000
0000
0000
0000
0000
0000
0f0c
0000
0000
0000
0000
0000
0000
0000
0f0d
0000
0000
0000
0000
0000
0000
0000
0f0e
0000
0000
0000
0000
0000
0000
0000
0f0f
0000
0000
0000
0000
0000
0000
0000
0f10
0000
0000
0000
0000
0000
0000
0000
0f11
0000
0000
0000
0000
0000
0000
0000
0f12
0000
0000
0000
0000
0000
0000
0000
0f13
0000
0000
0000
0000
0000
0000
0000
0f14
0000
0000
0000
0000
0000
0000
0000
0f15
0000
0000
0000
0000
0000
0000
0000
0f16
0000
0000
0000
0000
0000
0000
0000
0f17
0000
0000
0000
0000
0000
0000
0000
0f18
0000
0000
0000
0000
0000
0000
0000
0f19
0000
0000
0000
0000
0000
0000
0000
0f1a
0000
0000
0000
0000
0000
0000
0000
0f1b
0000
0000
0000
0000
0000
0000
0000
0f1c
0000
0000
0000
0000
0000
0000
0000
0f1d
0000
0000
0000
0000
0000
0000
0000
0f1e
0000
0000
0000
0000
0000
0000
0000
0f1f
0000
0000
0000
0000
0000
0000
0000
0f20
0000
0000
0000
0000
0000
0000
0000
0f21
0000
0000
0000
0000
0000
0000
0000
0f22
0000
0000
0000
0000
0000
0000
0000
0f23
0000
0000
0000
0000
0000
0000
0000
0f24
0000
0000
0000
0000
0000
0000
0000
0f25
0000
0000
0000
0000
0000
0000
0000
0f26
0000
0000
0000
0000
0000
0000
0000
0f27
0000
0000
0000
0000
0000
0000
0000
0f28
0000
0000
0000
0000
0000
0000
0000
0f29
0000
0000
0000
0000
0000
0000
0000
0f2a
0000
0000
0000
0000
0000
0000
0000
0f2b
0000
0000
0000
0000
0000
0000
0000
0f2c
0000
0000
0000
0000
0000
0000
0000
0f2d
0000
0000
0000
0000
0000
0000
0000
0f2e
0000
0000
0000
0000
0000
0000
0000
0f2f
0000
0000
0000
0000
0000
0000
0000
0f30
0000
0000
0000
0000
0000
0000
0000
0f31
0000
0000
0000
0000
0000
0000
0000
0f32
0000
0000
0000
0000
0000
0000
0000
0f33
0000
0000
0000
0000
0000
0000
0000
0f34
0000
0000
0000
0000
0000
0000
0000
0f35
0000
0000
0000
0000
0000
0000
0000
0f36
0000
0000
0000
0000
0000
0000
0000
0f37
0000
0000
0000
0000
0000
0000
0000
0f38
0000
0000
0000
0000
0000
0000
0000
0f39
0000
0000
0000
0000
0000
0000
0000
0f3a
0000
0000
0000
0000
0000
0000
0000
0f3b
0000
0000
0000
0000
0000
0000
0000
0f3c
0000
0000
0000
0000
0000
0000
0000
0f3d
0000
0000
0000
0000
0000
0000
0000
0f3e
0000
0000
0000
0000
0000
0000
0000
0f3f
0000
0000
0000
0000
0000
0000
0000
0f40
0000
0000
0000
0000
0000
0000
0000
0f41
0000
0000
0000
0000
0000
0000
0000
0f42
0000
0000
0000
0000
0000
0000
0000
0f43
0000
0000
0000
0000
0000
0000
0000
0f44
0000
0000
0000
0000
0000
0000
0000
0f45
0000
0000
0000
0000
0000
0000
0000
0f46
0000
0000
0000
0000
0000
0000
0000
0f47
0000
0000
0000
0000
0000
0000
0000
0f48
0000
0000
0000
0000
0000
0000
0000
0f49
0000
0000
0000
0000
0000
0000
0000
0f4a
0000
0000
0000
0000
0000
0000
0000
0f4b
0000
0000
0000
0000
0000
0000
0000
0f4c
0000
0000
0000
0000
0000
0000
0000
0f4d
0000
0000
0000
0000
0000
0000
0000
0f4e
0000
0000
0000
0000
0000
0000
0000
0f4f
0000
0000
0000
0000
0000
0000
0000
0f50
0000
0000
0000
0000
0000
0000
0000
0f51
0000
0000
0000
0000
0000
0000
0000
0f52
0000
0000
0000
0000
0000
0000
0000
0f53
0000
0000
0000
0000
0000
0000
0000
0f54
0000
0000
0000
0000
0000
0000
0000
0f55
0000
0000
0000
0000
0000
0000
0000
0f56
0000
0000
0000
0000
0000
0000
0000
0f57
0000
0000
0000
0000
0000
0000
0000
0f58
0000
0000
0000
0000
0000
0000
0000
0f59
0000
0000
0000
0000
0000
0000
0000
0f5a
0000
0000
0000
0000
0000
0000
0000
0f5b
0000
0000
0000
0000
0000
0000
0000
0f5c
0000
0000
0000
0000
0000
0000
0000
0f5d
0000
0000
0000
0000
0000
0000
0000
0f5e
0000
0000
0000
0000
0000
0000
0000
0f5f
0000
0000
0000
0000
0000
0000
0000
0f60
0000
0000
0000
0000
0000
0000
0000
0f61
0000
0000
0000
0000
0000
0000
0000
0f62
0000
0000
0000
0000
0000
0000
0000
0f63
0000
0000
0000
0000
0000
0000
0000
0f64
0000
0000
0000
0000
0000
0000
0000
0f65
0000
0000
0000
0000
0000
0000
0000
0f66
0000
0000
0000
0000
0000
0000
0000
0f67
0000
0000
0000
0000
0000
0000
0000
0f68
0000
0000
0000
0000
0000
0000
0000
0f69
0000
0000
0000
0000
0000
0000
0000
0f6a
0000
0000
0000
0000
0000
0000
0000
0f6b
0000
0000
0000
0000
0000
0000
0000
0f6c
0000
0000
0000
0000
0000
0000
0000
0f6d
0000
0000
0000
0000
0000
0000
0000
0f6e
0000
0000
0000
0000
0000
0000
0000
0f6f
0000
0000
0000
0000
0000
0000
0000
0f70
0000
0000
0000
0000
0000
0000
0000
0f71
0000
0000
0000
0000
0000
0000
0000
0f72
0000
0000
0000
0000
0000
0000
0000
0f73
0000
0000
0000
0000
0000
0000
0000
0f74
0000
0000
0000
0000
0000
0000
0000
0f75
0000
0000
0000
0000
0000
0000
0000
0f76
0000
0000
0000
0000
0000
0000
0000
0f77
0000
0000
0000
0000
0000
0000
0000
0f78
0000
0000
0000
0000
0000
0000
0000
0f79
0000
0000
0000
0000
0000
0000
0000
0f7a
0000
0000
0000
0000
0000
0000
0000
0f7b
0000
0000
0000
0000
0000
0000
0000
0f7c
0000
0000
0000
0000
0000
0000
0000
0f7d
0000
0000
0000
0000
0000
0000
0000
0f7e
0000
0000
0000
0000
0000
0000
0000
0f7f
0000
0000
0000
0000
0000
0000
0000
0f80
0000
0000
0000
0000
0000
0000
0000
0f81
0000
0000
0000
0000
0000
0000
0000
0f82
0000
0000
0000
0000
0000
0000
0000
0f83
0000
0000
0000
0000
0000
0000
0000
0f84
0000
0000
0000
0000
0000
0000
0000
0f85
0000
0000
0000
0000
0000
0000
0000
0f86
0000
0000
0000
0000
0000
0000
0000
0f87
0000
0000
0000
0000
0000
0000
0000
0f88
0000
0000
0000
0000
0000
0000
0000
0f89
0000
0000
0000
0000
0000
0000
0000
0f8a
0000
0000
0000
0000
0000
0000
0000
0f8b
0000
0000
0000
0000
0000
0000
0000
0f8c
0000
0000
0000
0000
0000
0000
0000
0f8d
0000
0000
0000
0000
0000
0000
0000
0f8e
0000
0000
0000
0000
0000
0000
0000
0f8f
0000
0000
0000
0000
0000
0000
0000
0f90
0000
0000
0000
0000
0000
0000
0000
0f91
0000
0000
0000
0000
0000
0000
0000
0f92
0000
0000
0000
0000
0000
0000
0000
0f93
0000
0000
0000
0000
0000
0000
0000
0f94
0000
0000
0000
0000
0000
0000
0000
0f95
0000
0000
0000
0000
0000
0000
0000
0f96
0000
0000
0000
0000
0000
0000
0000
0f97
0000
0000
0000
0000
0000
0000
0000
0f98
0000
0000
0000
0000
0000
0000
0000
0f99
0000
0000
0000
0000
0000
0000
0000
0f9a
0000
0000
0000
0000
0000
0000
0000
0f9b
0000
0000
0000
0000
0000
0000
0000
0f9c
0000
0000
0000
0000
0000
0000
0000
0f9d
0000
0000
0000
0000
0000
0000
0000
0f9e
0000
0000
0000
0000
0000
0000
0000
0f9f
0000
0000
0000
0000
0000
0000
0000
0fa0
0000
0000
0000
0000
0000
0000
0000
0fa1
0000
0000
0000
0000
0000
0000
0000
0fa2
0000
0000
0000
0000
0000
0000
0000
0fa3
0000
0000
0000
0000
0000
0000
0000
0fa4
0000
0000
0000
0000
0000
0000
0000
0fa5
0000
0000
0000
0000
0000
0000
0000
0fa6
0000
0000
0000
0000
0000
0000
0000
0fa7
0000
0000
0000
0000
0000
0000
0000
0fa8
0000
0000
0000
0000
0000
0000
0000
0fa9
0000
0000
0000
0000
0000
0000
0000
0faa
0000
0000
0000
0000
0000
0000
0000
0fab
0000
0000
0000
0000
0000
0000
0000
0fac
0000
0000
0000
0000
0000
0000
0000
0fad
0000
0000
0000
0000
0000
0000
0000
0fae
0000
0000
0000
0000
0000
0000
0000
0faf
0000
0000
0000
0000
0000
0000
0000
0fb0
0000
0000
0000
0000
0000
0000
0000
0fb1
0000
0000
0000
0000
0000
0000
0000
0fb2
0000
0000
0000
0000
0000
0000
0000
0fb3
0000
0000
0000
0000
0000
0000
0000
0fb4
0000
0000
0000
0000
0000
0000
0000
0fb5
0000
0000
0000
0000
0000
0000
0000
0fb6
0000
0000
0000
0000
0000
0000
0000
0fb7
0000
0000
0000
0000
0000
0000
0000
0fb8
0000
0000
0000
0000
0000
0000
0000
0fb9
0000
0000
0000
0000
0000
0000
0000
0fba
0000
0000
0000
0000
0000
0000
0000
0fbb
0000
0000
0000
0000
0000
0000
0000
0fbc
0000
0000
0000
0000
0000
0000
0000
0fbd
0000
0000
0000
0000
0000
0000
0000
0fbe
0000
0000
0000
0000
0000
0000
0000
0fbf
0000
0000
0000
0000
0000
0000
0000
0fc0
0000
0000
0000
0000
0000
0000
0000
0fc1
0000
0000
0000
0000
0000
0000
0000
0fc2
0000
0000
0000
0000
0000
0000
0000
0fc3
0000
0000
0000
0000
0000
0000
0000
0fc4
0000
0000
0000
0000
0000
0000
0000
0fc5
0000
0000
0000
0000
0000
0000
0000
0fc6
0000
0000
0000
0000
0000
0000
0000
0fc7
0000
0000
0000
0000
0000
0000
0000
0fc8
0000
0000
0000
0000
0000
0000
0000
0fc9
0000
0000
0000
0000
0000
0000
0000
0fca
0000
0000
0000
0000
0000
0000
0000
0fcb
0000
0000
0000
0000
0000
0000
0000
0fcc
0000
0000
0000
0000
0000
0000
0000
0fcd
0000
0000
0000
0000
0000
0000
0000
0fce
0000
0000
0000
0000
0000
0000
0000
0fcf
0000
0000
0000
0000
0000
0000
0000
0fd0
0000
0000
0000
0000
0000
0000
0000
0fd1
0000
0000
0000
0000
0000
0000
0000
0fd2
0000
0000
0000
0000
0000
0000
0000
0fd3
0000
0000
0000
0000
0000
0000
0000
0fd4
0000
0000
0000
0000
0000
0000
0000
0fd5
0000
0000
0000
0000
0000
0000
0000
0fd6
0000
0000
0000
0000
0000
0000
0000
0fd7
0000
0000
0000
0000
0000
0000
0000
0fd8
0000
0000
0000
0000
0000
0000
0000
0fd9
0000
0000
0000
0000
0000
0000
0000
0fda
0000
0000
0000
0000
0000
0000
0000
0fdb
0000
0000
0000
0000
0000
0000
0000
0fdc
0000
0000
0000
0000
0000
0000
0000
0fdd
0000
0000
0000
0000
0000
0000
0000
0fde
0000
0000
0000
0000
0000
0000
0000
0fdf
0000
0000
0000
0000
0000
0000
0000
0fe0
0000
0000
0000
0000
0000
0000
0000
0fe1
0000
0000
0000
0000
0000
0000
0000
0fe2
0000
0000
0000
0000
0000
0000
0000
0fe3
0000
0000
0000
0000
0000
0000
0000
0fe4
0000
0000
0000
0000
0000
0000
0000
0fe5
0000
0000
0000
0000
0000
0000
0000
0fe6
0000
0000
0000
0000
0000
0000
0000
0fe7
0000
0000
0000
0000
0000
0000
0000
0fe8
0000
0000
0000
0000
0000
0000
0000
0fe9
0000
0000
0000
0000
0000
0000
0000
0fea
0000
0000
0000
0000
0000
0000
0000
0feb
0000
0000
0000
0000
0000
0000
0000
0fec
0000
0000
0000
0000
0000
0000
0000
0fed
0000
0000
0000
0000
0000
0000
0000
0fee
0000
0000
0000
0000
0000
0000
0000
0fef
0000
0000
0000
0000
0000
0000
0000
0ff0
0000
0000
0000
0000
0000
0000
0000
0ff1
0000
0000
0000
0000
0000
0000
0000
0ff2
0000
0000
0000
0000
0000
0000
0000
0ff3
0000
0000
0000
0000
0000
0000
0000
0ff4
0000
0000
0000
0000
0000
0000
0000
0ff5
0000
0000
0000
0000
0000
0000
0000
0ff6
0000
0000
0000
0000
0000
0000
0000
0ff7
0000
0000
0000
0000
0000
0000
0000
0ff8
0000
0000
0000
0000
0000
0000
0000
0ff9
0000
0000
0000
0000
0000
0000
0000
0ffa
0000
0000
0000
0000
0000
0000
0000
0ffb
0000
0000
0000
0000
0000
0000
0000
0ffc
0000
0000
0000
0000
0000
0000
0000
0ffd
0000
0000
0000
0000
0000
0000
0000
0ffe
0000
0000
0000
0000
0000
0000
0000
0fff
0000
0000
0000
0000
0000
0000
0000
1000